,Source,Date,Mean
0,GCAG,2016-12,0.7895
1,GISTEMP,2016-12,0.81
2,GCAG,2016-11,0.7504
3,GISTEMP,2016-11,0.93
4,GCAG,2016-10,0.7292
5,GISTEMP,2016-10,0.89
6,GCAG,2016-09,0.8767
7,GISTEMP,2016-09,0.87
8,GCAG,2016-08,0.8998
9,GISTEMP,2016-08,0.98
10,GCAG,2016-07,0.8687
11,GISTEMP,2016-07,0.83
12,GCAG,2016-06,0.9006
13,GISTEMP,2016-06,0.76
14,GCAG,2016-05,0.8738
15,GISTEMP,2016-05,0.93
16,GCAG,2016-04,1.0733
17,GISTEMP,2016-04,1.09
18,GCAG,2016-03,1.2245
19,GISTEMP,2016-03,1.3
20,GCAG,2016-02,1.1921
21,GISTEMP,2016-02,1.35
22,GCAG,2016-01,1.0569
23,GISTEMP,2016-01,1.17
24,GCAG,2015-12,1.1219
25,GISTEMP,2015-12,1.11
26,GCAG,2015-11,0.9655
27,GISTEMP,2015-11,1.04
28,GCAG,2015-10,0.9913
29,GISTEMP,2015-10,1.06
30,GCAG,2015-09,0.926
31,GISTEMP,2015-09,0.81
32,GCAG,2015-08,0.8746
33,GISTEMP,2015-08,0.78
34,GCAG,2015-07,0.8072
35,GISTEMP,2015-07,0.71
36,GCAG,2015-06,0.8835
37,GISTEMP,2015-06,0.78
38,GCAG,2015-05,0.8584
39,GISTEMP,2015-05,0.78
40,GCAG,2015-04,0.7741
41,GISTEMP,2015-04,0.74
42,GCAG,2015-03,0.8969
43,GISTEMP,2015-03,0.9
44,GCAG,2015-02,0.8843
45,GISTEMP,2015-02,0.86
46,GCAG,2015-01,0.8141
47,GISTEMP,2015-01,0.81
48,GCAG,2014-12,0.8308
49,GISTEMP,2014-12,0.79
50,GCAG,2014-11,0.6895
51,GISTEMP,2014-11,0.67
52,GCAG,2014-10,0.7851
53,GISTEMP,2014-10,0.85
54,GCAG,2014-09,0.7872
55,GISTEMP,2014-09,0.9
56,GCAG,2014-08,0.7986
57,GISTEMP,2014-08,0.82
58,GCAG,2014-07,0.6988
59,GISTEMP,2014-07,0.57
60,GCAG,2014-06,0.7623
61,GISTEMP,2014-06,0.66
62,GCAG,2014-05,0.7938
63,GISTEMP,2014-05,0.87
64,GCAG,2014-04,0.8006
65,GISTEMP,2014-04,0.78
66,GCAG,2014-03,0.7695
67,GISTEMP,2014-03,0.77
68,GCAG,2014-02,0.48
69,GISTEMP,2014-02,0.51
70,GCAG,2014-01,0.6936
71,GISTEMP,2014-01,0.73
72,GCAG,2013-12,0.6981
73,GISTEMP,2013-12,0.67
74,GCAG,2013-11,0.8293
75,GISTEMP,2013-11,0.81
76,GCAG,2013-10,0.6787
77,GISTEMP,2013-10,0.69
78,GCAG,2013-09,0.6857
79,GISTEMP,2013-09,0.78
80,GCAG,2013-08,0.6605
81,GISTEMP,2013-08,0.66
82,GCAG,2013-07,0.6662
83,GISTEMP,2013-07,0.59
84,GCAG,2013-06,0.6838
85,GISTEMP,2013-06,0.65
86,GCAG,2013-05,0.7141
87,GISTEMP,2013-05,0.61
88,GCAG,2013-04,0.561
89,GISTEMP,2013-04,0.52
90,GCAG,2013-03,0.6139
91,GISTEMP,2013-03,0.66
92,GCAG,2013-02,0.6357
93,GISTEMP,2013-02,0.55
94,GCAG,2013-01,0.5873
95,GISTEMP,2013-01,0.68
96,GCAG,2012-12,0.4655
97,GISTEMP,2012-12,0.53
98,GCAG,2012-11,0.7087
99,GISTEMP,2012-11,0.75
100,GCAG,2012-10,0.7022
101,GISTEMP,2012-10,0.78
102,GCAG,2012-09,0.7266
103,GISTEMP,2012-09,0.76
104,GCAG,2012-08,0.6694
105,GISTEMP,2012-08,0.63
106,GCAG,2012-07,0.6884
107,GISTEMP,2012-07,0.57
108,GCAG,2012-06,0.7039
109,GISTEMP,2012-06,0.62
110,GCAG,2012-05,0.7221
111,GISTEMP,2012-05,0.76
112,GCAG,2012-04,0.7335
113,GISTEMP,2012-04,0.69
114,GCAG,2012-03,0.5218
115,GISTEMP,2012-03,0.58
116,GCAG,2012-02,0.4235
117,GISTEMP,2012-02,0.49
118,GCAG,2012-01,0.4228
119,GISTEMP,2012-01,0.46
120,GCAG,2011-12,0.5485
121,GISTEMP,2011-12,0.54
122,GCAG,2011-11,0.4857
123,GISTEMP,2011-11,0.56
124,GCAG,2011-10,0.6349
125,GISTEMP,2011-10,0.66
126,GCAG,2011-09,0.5998
127,GISTEMP,2011-09,0.56
128,GCAG,2011-08,0.616
129,GISTEMP,2011-08,0.73
130,GCAG,2011-07,0.6282
131,GISTEMP,2011-07,0.73
132,GCAG,2011-06,0.6465
133,GISTEMP,2011-06,0.59
134,GCAG,2011-05,0.5741
135,GISTEMP,2011-05,0.53
136,GCAG,2011-04,0.6522
137,GISTEMP,2011-04,0.65
138,GCAG,2011-03,0.5915
139,GISTEMP,2011-03,0.64
140,GCAG,2011-02,0.4976
141,GISTEMP,2011-02,0.53
142,GCAG,2011-01,0.4706
143,GISTEMP,2011-01,0.51
144,GCAG,2010-12,0.4894
145,GISTEMP,2010-12,0.49
146,GCAG,2010-11,0.7682
147,GISTEMP,2010-11,0.79
148,GCAG,2010-10,0.6268
149,GISTEMP,2010-10,0.71
150,GCAG,2010-09,0.5724
151,GISTEMP,2010-09,0.61
152,GCAG,2010-08,0.6595
153,GISTEMP,2010-08,0.65
154,GCAG,2010-07,0.7287
155,GISTEMP,2010-07,0.62
156,GCAG,2010-06,0.7339
157,GISTEMP,2010-06,0.64
158,GCAG,2010-05,0.7582
159,GISTEMP,2010-05,0.75
160,GCAG,2010-04,0.8287
161,GISTEMP,2010-04,0.87
162,GCAG,2010-03,0.847
163,GISTEMP,2010-03,0.92
164,GCAG,2010-02,0.708
165,GISTEMP,2010-02,0.78
166,GCAG,2010-01,0.6958
167,GISTEMP,2010-01,0.73
168,GCAG,2009-12,0.6176
169,GISTEMP,2009-12,0.65
170,GCAG,2009-11,0.6716
171,GISTEMP,2009-11,0.77
172,GCAG,2009-10,0.6418
173,GISTEMP,2009-10,0.64
174,GCAG,2009-09,0.7083
175,GISTEMP,2009-09,0.7
176,GCAG,2009-08,0.6998
177,GISTEMP,2009-08,0.66
178,GCAG,2009-07,0.6439
179,GISTEMP,2009-07,0.72
180,GCAG,2009-06,0.6741
181,GISTEMP,2009-06,0.65
182,GCAG,2009-05,0.5868
183,GISTEMP,2009-05,0.65
184,GCAG,2009-04,0.6539
185,GISTEMP,2009-04,0.61
186,GCAG,2009-03,0.5794
187,GISTEMP,2009-03,0.53
188,GCAG,2009-02,0.5679
189,GISTEMP,2009-02,0.53
190,GCAG,2009-01,0.5955
191,GISTEMP,2009-01,0.62
192,GCAG,2008-12,0.5635
193,GISTEMP,2008-12,0.54
194,GCAG,2008-11,0.6703
195,GISTEMP,2008-11,0.66
196,GCAG,2008-10,0.669
197,GISTEMP,2008-10,0.67
198,GCAG,2008-09,0.5318
199,GISTEMP,2008-09,0.65
200,GCAG,2008-08,0.5594
201,GISTEMP,2008-08,0.44
202,GCAG,2008-07,0.5796
203,GISTEMP,2008-07,0.6
204,GCAG,2008-06,0.5314
205,GISTEMP,2008-06,0.48
206,GCAG,2008-05,0.5011
207,GISTEMP,2008-05,0.51
208,GCAG,2008-04,0.4827
209,GISTEMP,2008-04,0.53
210,GCAG,2008-03,0.7625
211,GISTEMP,2008-03,0.73
212,GCAG,2008-02,0.3774
213,GISTEMP,2008-02,0.36
214,GCAG,2008-01,0.2746
215,GISTEMP,2008-01,0.24
216,GCAG,2007-12,0.4872
217,GISTEMP,2007-12,0.5
218,GCAG,2007-11,0.5172
219,GISTEMP,2007-11,0.57
220,GCAG,2007-10,0.567
221,GISTEMP,2007-10,0.6
222,GCAG,2007-09,0.5775
223,GISTEMP,2007-09,0.64
224,GCAG,2007-08,0.5509
225,GISTEMP,2007-08,0.6
226,GCAG,2007-07,0.5286
227,GISTEMP,2007-07,0.62
228,GCAG,2007-06,0.5374
229,GISTEMP,2007-06,0.58
230,GCAG,2007-05,0.609
231,GISTEMP,2007-05,0.67
232,GCAG,2007-04,0.7336
233,GISTEMP,2007-04,0.76
234,GCAG,2007-03,0.6668
235,GISTEMP,2007-03,0.7
236,GCAG,2007-02,0.6609
237,GISTEMP,2007-02,0.7
238,GCAG,2007-01,0.8839
239,GISTEMP,2007-01,0.96
240,GCAG,2006-12,0.7692
241,GISTEMP,2006-12,0.77
242,GCAG,2006-11,0.6449
243,GISTEMP,2006-11,0.72
244,GCAG,2006-10,0.6774
245,GISTEMP,2006-10,0.69
246,GCAG,2006-09,0.6337
247,GISTEMP,2006-09,0.64
248,GCAG,2006-08,0.6231
249,GISTEMP,2006-08,0.72
250,GCAG,2006-07,0.6218
251,GISTEMP,2006-07,0.54
252,GCAG,2006-06,0.6399
253,GISTEMP,2006-06,0.64
254,GCAG,2006-05,0.5499
255,GISTEMP,2006-05,0.47
256,GCAG,2006-04,0.5177
257,GISTEMP,2006-04,0.5
258,GCAG,2006-03,0.5931
259,GISTEMP,2006-03,0.63
260,GCAG,2006-02,0.6221
261,GISTEMP,2006-02,0.7
262,GCAG,2006-01,0.4567
263,GISTEMP,2006-01,0.57
264,GCAG,2005-12,0.6235
265,GISTEMP,2005-12,0.68
266,GCAG,2005-11,0.728
267,GISTEMP,2005-11,0.76
268,GCAG,2005-10,0.693
269,GISTEMP,2005-10,0.8
270,GCAG,2005-09,0.6867
271,GISTEMP,2005-09,0.78
272,GCAG,2005-08,0.6247
273,GISTEMP,2005-08,0.63
274,GCAG,2005-07,0.6572
275,GISTEMP,2005-07,0.66
276,GCAG,2005-06,0.6722
277,GISTEMP,2005-06,0.67
278,GCAG,2005-05,0.6573
279,GISTEMP,2005-05,0.65
280,GCAG,2005-04,0.7314
281,GISTEMP,2005-04,0.69
282,GCAG,2005-03,0.6918
283,GISTEMP,2005-03,0.69
284,GCAG,2005-02,0.5143
285,GISTEMP,2005-02,0.58
286,GCAG,2005-01,0.6223
287,GISTEMP,2005-01,0.72
288,GCAG,2004-12,0.5081
289,GISTEMP,2004-12,0.52
290,GCAG,2004-11,0.7601
291,GISTEMP,2004-11,0.72
292,GCAG,2004-10,0.6177
293,GISTEMP,2004-10,0.66
294,GCAG,2004-09,0.5331
295,GISTEMP,2004-09,0.53
296,GCAG,2004-08,0.5141
297,GISTEMP,2004-08,0.45
298,GCAG,2004-07,0.4806
299,GISTEMP,2004-07,0.26
300,GCAG,2004-06,0.4707
301,GISTEMP,2004-06,0.43
302,GCAG,2004-05,0.4442
303,GISTEMP,2004-05,0.42
304,GCAG,2004-04,0.594
305,GISTEMP,2004-04,0.62
306,GCAG,2004-03,0.6964
307,GISTEMP,2004-03,0.64
308,GCAG,2004-02,0.7232
309,GISTEMP,2004-02,0.71
310,GCAG,2004-01,0.5979
311,GISTEMP,2004-01,0.59
312,GCAG,2003-12,0.7361
313,GISTEMP,2003-12,0.75
314,GCAG,2003-11,0.5784
315,GISTEMP,2003-11,0.55
316,GCAG,2003-10,0.7271
317,GISTEMP,2003-10,0.75
318,GCAG,2003-09,0.6412
319,GISTEMP,2003-09,0.66
320,GCAG,2003-08,0.6202
321,GISTEMP,2003-08,0.66
322,GCAG,2003-07,0.5408
323,GISTEMP,2003-07,0.55
324,GCAG,2003-06,0.5381
325,GISTEMP,2003-06,0.49
326,GCAG,2003-05,0.5954
327,GISTEMP,2003-05,0.62
328,GCAG,2003-04,0.5601
329,GISTEMP,2003-04,0.55
330,GCAG,2003-03,0.5702
331,GISTEMP,2003-03,0.57
332,GCAG,2003-02,0.5626
333,GISTEMP,2003-02,0.55
334,GCAG,2003-01,0.6907
335,GISTEMP,2003-01,0.73
336,GCAG,2002-12,0.4366
337,GISTEMP,2002-12,0.43
338,GCAG,2002-11,0.5918
339,GISTEMP,2002-11,0.59
340,GCAG,2002-10,0.4773
341,GISTEMP,2002-10,0.57
342,GCAG,2002-09,0.5661
343,GISTEMP,2002-09,0.65
344,GCAG,2002-08,0.5359
345,GISTEMP,2002-08,0.55
346,GCAG,2002-07,0.6229
347,GISTEMP,2002-07,0.62
348,GCAG,2002-06,0.589
349,GISTEMP,2002-06,0.54
350,GCAG,2002-05,0.5656
351,GISTEMP,2002-05,0.65
352,GCAG,2002-04,0.5725
353,GISTEMP,2002-04,0.58
354,GCAG,2002-03,0.7887
355,GISTEMP,2002-03,0.91
356,GCAG,2002-02,0.7846
357,GISTEMP,2002-02,0.76
358,GCAG,2002-01,0.6962
359,GISTEMP,2002-01,0.75
360,GCAG,2001-12,0.5128
361,GISTEMP,2001-12,0.55
362,GCAG,2001-11,0.688
363,GISTEMP,2001-11,0.7
364,GCAG,2001-10,0.5006
365,GISTEMP,2001-10,0.52
366,GCAG,2001-09,0.505
367,GISTEMP,2001-09,0.56
368,GCAG,2001-08,0.6032
369,GISTEMP,2001-08,0.49
370,GCAG,2001-07,0.5586
371,GISTEMP,2001-07,0.61
372,GCAG,2001-06,0.5373
373,GISTEMP,2001-06,0.55
374,GCAG,2001-05,0.5997
375,GISTEMP,2001-05,0.59
376,GCAG,2001-04,0.5666
377,GISTEMP,2001-04,0.52
378,GCAG,2001-03,0.6293
379,GISTEMP,2001-03,0.58
380,GCAG,2001-02,0.3946
381,GISTEMP,2001-02,0.46
382,GCAG,2001-01,0.472
383,GISTEMP,2001-01,0.44
384,GCAG,2000-12,0.3192
385,GISTEMP,2000-12,0.3
386,GCAG,2000-11,0.2557
387,GISTEMP,2000-11,0.34
388,GCAG,2000-10,0.3027
389,GISTEMP,2000-10,0.3
390,GCAG,2000-09,0.4384
391,GISTEMP,2000-09,0.42
392,GCAG,2000-08,0.4557
393,GISTEMP,2000-08,0.43
394,GCAG,2000-07,0.3919
395,GISTEMP,2000-07,0.42
396,GCAG,2000-06,0.4076
397,GISTEMP,2000-06,0.44
398,GCAG,2000-05,0.4657
399,GISTEMP,2000-05,0.4
400,GCAG,2000-04,0.6311
401,GISTEMP,2000-04,0.59
402,GCAG,2000-03,0.5561
403,GISTEMP,2000-03,0.6
404,GCAG,2000-02,0.5439
405,GISTEMP,2000-02,0.58
406,GCAG,2000-01,0.3467
407,GISTEMP,2000-01,0.26
408,GCAG,1999-12,0.5779
409,GISTEMP,1999-12,0.46
410,GCAG,1999-11,0.3688
411,GISTEMP,1999-11,0.42
412,GCAG,1999-10,0.3773
413,GISTEMP,1999-10,0.43
414,GCAG,1999-09,0.3976
415,GISTEMP,1999-09,0.43
416,GCAG,1999-08,0.3695
417,GISTEMP,1999-08,0.34
418,GCAG,1999-07,0.4029
419,GISTEMP,1999-07,0.41
420,GCAG,1999-06,0.4203
421,GISTEMP,1999-06,0.37
422,GCAG,1999-05,0.4086
423,GISTEMP,1999-05,0.33
424,GCAG,1999-04,0.459
425,GISTEMP,1999-04,0.34
426,GCAG,1999-03,0.3702
427,GISTEMP,1999-03,0.34
428,GCAG,1999-02,0.6733
429,GISTEMP,1999-02,0.66
430,GCAG,1999-01,0.5007
431,GISTEMP,1999-01,0.48
432,GCAG,1998-12,0.5796
433,GISTEMP,1998-12,0.56
434,GCAG,1998-11,0.4132
435,GISTEMP,1998-11,0.5
436,GCAG,1998-10,0.4965
437,GISTEMP,1998-10,0.47
438,GCAG,1998-09,0.5271
439,GISTEMP,1998-09,0.45
440,GCAG,1998-08,0.6816
441,GISTEMP,1998-08,0.68
442,GCAG,1998-07,0.7358
443,GISTEMP,1998-07,0.71
444,GCAG,1998-06,0.6657
445,GISTEMP,1998-06,0.78
446,GCAG,1998-05,0.6679
447,GISTEMP,1998-05,0.71
448,GCAG,1998-04,0.7358
449,GISTEMP,1998-04,0.64
450,GCAG,1998-03,0.6396
451,GISTEMP,1998-03,0.63
452,GCAG,1998-02,0.866
453,GISTEMP,1998-02,0.9
454,GCAG,1998-01,0.6042
455,GISTEMP,1998-01,0.61
456,GCAG,1997-12,0.6302
457,GISTEMP,1997-12,0.6
458,GCAG,1997-11,0.5865
459,GISTEMP,1997-11,0.66
460,GCAG,1997-10,0.6487
461,GISTEMP,1997-10,0.64
462,GCAG,1997-09,0.625
463,GISTEMP,1997-09,0.56
464,GCAG,1997-08,0.5491
465,GISTEMP,1997-08,0.43
466,GCAG,1997-07,0.5101
467,GISTEMP,1997-07,0.35
468,GCAG,1997-06,0.5308
469,GISTEMP,1997-06,0.55
470,GCAG,1997-05,0.4235
471,GISTEMP,1997-05,0.39
472,GCAG,1997-04,0.4551
473,GISTEMP,1997-04,0.38
474,GCAG,1997-03,0.4617
475,GISTEMP,1997-03,0.52
476,GCAG,1997-02,0.4288
477,GISTEMP,1997-02,0.37
478,GCAG,1997-01,0.3746
479,GISTEMP,1997-01,0.33
480,GCAG,1996-12,0.3893
481,GISTEMP,1996-12,0.41
482,GCAG,1996-11,0.2816
483,GISTEMP,1996-11,0.42
484,GCAG,1996-10,0.2276
485,GISTEMP,1996-10,0.2
486,GCAG,1996-09,0.2696
487,GISTEMP,1996-09,0.27
488,GCAG,1996-08,0.3206
489,GISTEMP,1996-08,0.49
490,GCAG,1996-07,0.3238
491,GISTEMP,1996-07,0.37
492,GCAG,1996-06,0.3547
493,GISTEMP,1996-06,0.27
494,GCAG,1996-05,0.3908
495,GISTEMP,1996-05,0.3
496,GCAG,1996-04,0.2725
497,GISTEMP,1996-04,0.38
498,GCAG,1996-03,0.3242
499,GISTEMP,1996-03,0.34
500,GCAG,1996-02,0.4562
501,GISTEMP,1996-02,0.5
502,GCAG,1996-01,0.2625
503,GISTEMP,1996-01,0.27
504,GCAG,1995-12,0.3477
505,GISTEMP,1995-12,0.3
506,GCAG,1995-11,0.455
507,GISTEMP,1995-11,0.45
508,GCAG,1995-10,0.4376
509,GISTEMP,1995-10,0.49
510,GCAG,1995-09,0.3865
511,GISTEMP,1995-09,0.34
512,GCAG,1995-08,0.5056
513,GISTEMP,1995-08,0.48
514,GCAG,1995-07,0.4295
515,GISTEMP,1995-07,0.49
516,GCAG,1995-06,0.4657
517,GISTEMP,1995-06,0.45
518,GCAG,1995-05,0.3537
519,GISTEMP,1995-05,0.29
520,GCAG,1995-04,0.4097
521,GISTEMP,1995-04,0.47
522,GCAG,1995-03,0.4637
523,GISTEMP,1995-03,0.45
524,GCAG,1995-02,0.6895
525,GISTEMP,1995-02,0.77
526,GCAG,1995-01,0.5487
527,GISTEMP,1995-01,0.5
528,GCAG,1994-12,0.4009
529,GISTEMP,1994-12,0.36
530,GCAG,1994-11,0.453
531,GISTEMP,1994-11,0.46
532,GCAG,1994-10,0.4273
533,GISTEMP,1994-10,0.42
534,GCAG,1994-09,0.33
535,GISTEMP,1994-09,0.32
536,GCAG,1994-08,0.3119
537,GISTEMP,1994-08,0.23
538,GCAG,1994-07,0.3155
539,GISTEMP,1994-07,0.32
540,GCAG,1994-06,0.387
541,GISTEMP,1994-06,0.42
542,GCAG,1994-05,0.3819
543,GISTEMP,1994-05,0.29
544,GCAG,1994-04,0.3568
545,GISTEMP,1994-04,0.41
546,GCAG,1994-03,0.3568
547,GISTEMP,1994-03,0.26
548,GCAG,1994-02,0.0791
549,GISTEMP,1994-02,0.04
550,GCAG,1994-01,0.2902
551,GISTEMP,1994-01,0.3
552,GCAG,1993-12,0.3188
553,GISTEMP,1993-12,0.19
554,GCAG,1993-11,0.092
555,GISTEMP,1993-11,0.07
556,GCAG,1993-10,0.2442
557,GISTEMP,1993-10,0.24
558,GCAG,1993-09,0.1692
559,GISTEMP,1993-09,0.11
560,GCAG,1993-08,0.2118
561,GISTEMP,1993-08,0.13
562,GCAG,1993-07,0.2336
563,GISTEMP,1993-07,0.28
564,GCAG,1993-06,0.293
565,GISTEMP,1993-06,0.24
566,GCAG,1993-05,0.3438
567,GISTEMP,1993-05,0.26
568,GCAG,1993-04,0.3155
569,GISTEMP,1993-04,0.28
570,GCAG,1993-03,0.4208
571,GISTEMP,1993-03,0.36
572,GCAG,1993-02,0.3967
573,GISTEMP,1993-02,0.39
574,GCAG,1993-01,0.384
575,GISTEMP,1993-01,0.37
576,GCAG,1992-12,0.2833
577,GISTEMP,1992-12,0.22
578,GCAG,1992-11,0.0943
579,GISTEMP,1992-11,0.04
580,GCAG,1992-10,0.1154
581,GISTEMP,1992-10,0.11
582,GCAG,1992-09,0.0588
583,GISTEMP,1992-09,0.01
584,GCAG,1992-08,0.1405
585,GISTEMP,1992-08,0.1
586,GCAG,1992-07,0.1359
587,GISTEMP,1992-07,0.13
588,GCAG,1992-06,0.2821
589,GISTEMP,1992-06,0.24
590,GCAG,1992-05,0.3276
591,GISTEMP,1992-05,0.32
592,GCAG,1992-04,0.2936
593,GISTEMP,1992-04,0.24
594,GCAG,1992-03,0.4333
595,GISTEMP,1992-03,0.47
596,GCAG,1992-02,0.4485
597,GISTEMP,1992-02,0.42
598,GCAG,1992-01,0.4721
599,GISTEMP,1992-01,0.45
600,GCAG,1991-12,0.3064
601,GISTEMP,1991-12,0.33
602,GCAG,1991-11,0.3175
603,GISTEMP,1991-11,0.31
604,GCAG,1991-10,0.3292
605,GISTEMP,1991-10,0.32
606,GCAG,1991-09,0.3863
607,GISTEMP,1991-09,0.5
608,GCAG,1991-08,0.388
609,GISTEMP,1991-08,0.42
610,GCAG,1991-07,0.4462
611,GISTEMP,1991-07,0.51
612,GCAG,1991-06,0.4813
613,GISTEMP,1991-06,0.54
614,GCAG,1991-05,0.4107
615,GISTEMP,1991-05,0.39
616,GCAG,1991-04,0.5168
617,GISTEMP,1991-04,0.53
618,GCAG,1991-03,0.3658
619,GISTEMP,1991-03,0.36
620,GCAG,1991-02,0.4661
621,GISTEMP,1991-02,0.51
622,GCAG,1991-01,0.4512
623,GISTEMP,1991-01,0.42
624,GCAG,1990-12,0.4481
625,GISTEMP,1990-12,0.42
626,GCAG,1990-11,0.4797
627,GISTEMP,1990-11,0.46
628,GCAG,1990-10,0.4277
629,GISTEMP,1990-10,0.43
630,GCAG,1990-09,0.3144
631,GISTEMP,1990-09,0.3
632,GCAG,1990-08,0.3479
633,GISTEMP,1990-08,0.3
634,GCAG,1990-07,0.3453
635,GISTEMP,1990-07,0.44
636,GCAG,1990-06,0.4114
637,GISTEMP,1990-06,0.38
638,GCAG,1990-05,0.4274
639,GISTEMP,1990-05,0.46
640,GCAG,1990-04,0.4907
641,GISTEMP,1990-04,0.55
642,GCAG,1990-03,0.7328
643,GISTEMP,1990-03,0.76
644,GCAG,1990-02,0.4072
645,GISTEMP,1990-02,0.41
646,GCAG,1990-01,0.3613
647,GISTEMP,1990-01,0.41
648,GCAG,1989-12,0.4013
649,GISTEMP,1989-12,0.37
650,GCAG,1989-11,0.2541
651,GISTEMP,1989-11,0.21
652,GCAG,1989-10,0.3044
653,GISTEMP,1989-10,0.32
654,GCAG,1989-09,0.3019
655,GISTEMP,1989-09,0.37
656,GCAG,1989-08,0.3021
657,GISTEMP,1989-08,0.36
658,GCAG,1989-07,0.3016
659,GISTEMP,1989-07,0.34
660,GCAG,1989-06,0.2727
661,GISTEMP,1989-06,0.15
662,GCAG,1989-05,0.2779
663,GISTEMP,1989-05,0.17
664,GCAG,1989-04,0.2891
665,GISTEMP,1989-04,0.33
666,GCAG,1989-03,0.336
667,GISTEMP,1989-03,0.36
668,GCAG,1989-02,0.3072
669,GISTEMP,1989-02,0.35
670,GCAG,1989-01,0.2157
671,GISTEMP,1989-01,0.16
672,GCAG,1988-12,0.3626
673,GISTEMP,1988-12,0.34
674,GCAG,1988-11,0.2291
675,GISTEMP,1988-11,0.13
676,GCAG,1988-10,0.3009
677,GISTEMP,1988-10,0.4
678,GCAG,1988-09,0.3211
679,GISTEMP,1988-09,0.42
680,GCAG,1988-08,0.3199
681,GISTEMP,1988-08,0.46
682,GCAG,1988-07,0.3431
683,GISTEMP,1988-07,0.35
684,GCAG,1988-06,0.3865
685,GISTEMP,1988-06,0.42
686,GCAG,1988-05,0.3811
687,GISTEMP,1988-05,0.44
688,GCAG,1988-04,0.4426
689,GISTEMP,1988-04,0.45
690,GCAG,1988-03,0.4828
691,GISTEMP,1988-03,0.49
692,GCAG,1988-02,0.3901
693,GISTEMP,1988-02,0.42
694,GCAG,1988-01,0.5487
695,GISTEMP,1988-01,0.57
696,GCAG,1987-12,0.5316
697,GISTEMP,1987-12,0.47
698,GCAG,1987-11,0.3306
699,GISTEMP,1987-11,0.25
700,GCAG,1987-10,0.3347
701,GISTEMP,1987-10,0.32
702,GCAG,1987-09,0.4321
703,GISTEMP,1987-09,0.39
704,GCAG,1987-08,0.3832
705,GISTEMP,1987-08,0.28
706,GCAG,1987-07,0.4182
707,GISTEMP,1987-07,0.46
708,GCAG,1987-06,0.3013
709,GISTEMP,1987-06,0.36
710,GCAG,1987-05,0.3339
711,GISTEMP,1987-05,0.26
712,GCAG,1987-04,0.3009
713,GISTEMP,1987-04,0.24
714,GCAG,1987-03,0.2541
715,GISTEMP,1987-03,0.17
716,GCAG,1987-02,0.5028
717,GISTEMP,1987-02,0.46
718,GCAG,1987-01,0.3115
719,GISTEMP,1987-01,0.36
720,GCAG,1986-12,0.2179
721,GISTEMP,1986-12,0.16
722,GCAG,1986-11,0.1548
723,GISTEMP,1986-11,0.11
724,GCAG,1986-10,0.2066
725,GISTEMP,1986-10,0.14
726,GCAG,1986-09,0.1716
727,GISTEMP,1986-09,0.02
728,GCAG,1986-08,0.1698
729,GISTEMP,1986-08,0.12
730,GCAG,1986-07,0.1686
731,GISTEMP,1986-07,0.13
732,GCAG,1986-06,0.2534
733,GISTEMP,1986-06,0.12
734,GCAG,1986-05,0.2507
735,GISTEMP,1986-05,0.26
736,GCAG,1986-04,0.2613
737,GISTEMP,1986-04,0.26
738,GCAG,1986-03,0.2966
739,GISTEMP,1986-03,0.29
740,GCAG,1986-02,0.2788
741,GISTEMP,1986-02,0.39
742,GCAG,1986-01,0.3249
743,GISTEMP,1986-01,0.3
744,GCAG,1985-12,0.1978
745,GISTEMP,1985-12,0.15
746,GCAG,1985-11,0.1181
747,GISTEMP,1985-11,0.09
748,GCAG,1985-10,0.1303
749,GISTEMP,1985-10,0.11
750,GCAG,1985-09,0.101
751,GISTEMP,1985-09,0.14
752,GCAG,1985-08,0.1287
753,GISTEMP,1985-08,0.15
754,GCAG,1985-07,0.0779
755,GISTEMP,1985-07,0.0
756,GCAG,1985-06,0.129
757,GISTEMP,1985-06,0.17
758,GCAG,1985-05,0.1959
759,GISTEMP,1985-05,0.17
760,GCAG,1985-04,0.1488
761,GISTEMP,1985-04,0.11
762,GCAG,1985-03,0.1875
763,GISTEMP,1985-03,0.17
764,GCAG,1985-02,0.0176
765,GISTEMP,1985-02,-0.06
766,GCAG,1985-01,0.1783
767,GISTEMP,1985-01,0.21
768,GCAG,1984-12,-0.0926
769,GISTEMP,1984-12,-0.06
770,GCAG,1984-11,0.0365
771,GISTEMP,1984-11,0.04
772,GCAG,1984-10,0.1187
773,GISTEMP,1984-10,0.15
774,GCAG,1984-09,0.1431
775,GISTEMP,1984-09,0.2
776,GCAG,1984-08,0.1687
777,GISTEMP,1984-08,0.15
778,GCAG,1984-07,0.1193
779,GISTEMP,1984-07,0.16
780,GCAG,1984-06,0.1306
781,GISTEMP,1984-06,0.04
782,GCAG,1984-05,0.2834
783,GISTEMP,1984-05,0.33
784,GCAG,1984-04,0.1503
785,GISTEMP,1984-04,0.08
786,GCAG,1984-03,0.272
787,GISTEMP,1984-03,0.29
788,GCAG,1984-02,0.1753
789,GISTEMP,1984-02,0.17
790,GCAG,1984-01,0.2831
791,GISTEMP,1984-01,0.3
792,GCAG,1983-12,0.2748
793,GISTEMP,1983-12,0.17
794,GCAG,1983-11,0.4313
795,GISTEMP,1983-11,0.3
796,GCAG,1983-10,0.2113
797,GISTEMP,1983-10,0.15
798,GCAG,1983-09,0.3175
799,GISTEMP,1983-09,0.38
800,GCAG,1983-08,0.3228
801,GISTEMP,1983-08,0.3
802,GCAG,1983-07,0.2663
803,GISTEMP,1983-07,0.15
804,GCAG,1983-06,0.2629
805,GISTEMP,1983-06,0.18
806,GCAG,1983-05,0.2881
807,GISTEMP,1983-05,0.35
808,GCAG,1983-04,0.2918
809,GISTEMP,1983-04,0.3
810,GCAG,1983-03,0.4256
811,GISTEMP,1983-03,0.42
812,GCAG,1983-02,0.4834
813,GISTEMP,1983-02,0.4
814,GCAG,1983-01,0.5169
815,GISTEMP,1983-01,0.52
816,GCAG,1982-12,0.4355
817,GISTEMP,1982-12,0.43
818,GCAG,1982-11,0.151
819,GISTEMP,1982-11,0.14
820,GCAG,1982-10,0.1771
821,GISTEMP,1982-10,0.13
822,GCAG,1982-09,0.233
823,GISTEMP,1982-09,0.15
824,GCAG,1982-08,0.1406
825,GISTEMP,1982-08,0.08
826,GCAG,1982-07,0.1436
827,GISTEMP,1982-07,0.13
828,GCAG,1982-06,0.1231
829,GISTEMP,1982-06,0.05
830,GCAG,1982-05,0.1923
831,GISTEMP,1982-05,0.16
832,GCAG,1982-04,0.2054
833,GISTEMP,1982-04,0.1
834,GCAG,1982-03,0.0833
835,GISTEMP,1982-03,-0.01
836,GCAG,1982-02,0.1593
837,GISTEMP,1982-02,0.14
838,GCAG,1982-01,0.1342
839,GISTEMP,1982-01,0.09
840,GCAG,1981-12,0.42
841,GISTEMP,1981-12,0.4
842,GCAG,1981-11,0.2119
843,GISTEMP,1981-11,0.21
844,GCAG,1981-10,0.1687
845,GISTEMP,1981-10,0.13
846,GCAG,1981-09,0.186
847,GISTEMP,1981-09,0.17
848,GCAG,1981-08,0.2428
849,GISTEMP,1981-08,0.35
850,GCAG,1981-07,0.2268
851,GISTEMP,1981-07,0.35
852,GCAG,1981-06,0.2853
853,GISTEMP,1981-06,0.31
854,GCAG,1981-05,0.262
855,GISTEMP,1981-05,0.25
856,GCAG,1981-04,0.3579
857,GISTEMP,1981-04,0.32
858,GCAG,1981-03,0.4083
859,GISTEMP,1981-03,0.48
860,GCAG,1981-02,0.3629
861,GISTEMP,1981-02,0.41
862,GCAG,1981-01,0.4656
863,GISTEMP,1981-01,0.56
864,GCAG,1980-12,0.2674
865,GISTEMP,1980-12,0.21
866,GCAG,1980-11,0.3319
867,GISTEMP,1980-11,0.3
868,GCAG,1980-10,0.1821
869,GISTEMP,1980-10,0.2
870,GCAG,1980-09,0.2008
871,GISTEMP,1980-09,0.21
872,GCAG,1980-08,0.1957
873,GISTEMP,1980-08,0.24
874,GCAG,1980-07,0.2172
875,GISTEMP,1980-07,0.28
876,GCAG,1980-06,0.2474
877,GISTEMP,1980-06,0.16
878,GCAG,1980-05,0.316
879,GISTEMP,1980-05,0.34
880,GCAG,1980-04,0.3082
881,GISTEMP,1980-04,0.32
882,GCAG,1980-03,0.2389
883,GISTEMP,1980-03,0.29
884,GCAG,1980-02,0.3506
885,GISTEMP,1980-02,0.42
886,GCAG,1980-01,0.308
887,GISTEMP,1980-01,0.3
888,GCAG,1979-12,0.5032
889,GISTEMP,1979-12,0.47
890,GCAG,1979-11,0.2953
891,GISTEMP,1979-11,0.29
892,GCAG,1979-10,0.2945
893,GISTEMP,1979-10,0.26
894,GCAG,1979-09,0.2519
895,GISTEMP,1979-09,0.27
896,GCAG,1979-08,0.2263
897,GISTEMP,1979-08,0.14
898,GCAG,1979-07,0.1746
899,GISTEMP,1979-07,0.03
900,GCAG,1979-06,0.2183
901,GISTEMP,1979-06,0.14
902,GCAG,1979-05,0.1569
903,GISTEMP,1979-05,0.06
904,GCAG,1979-04,0.1112
905,GISTEMP,1979-04,0.13
906,GCAG,1979-03,0.243
907,GISTEMP,1979-03,0.19
908,GCAG,1979-02,0.0922
909,GISTEMP,1979-02,-0.09
910,GCAG,1979-01,0.1602
911,GISTEMP,1979-01,0.14
912,GCAG,1978-12,0.1512
913,GISTEMP,1978-12,0.11
914,GCAG,1978-11,0.2245
915,GISTEMP,1978-11,0.16
916,GCAG,1978-10,0.0646
917,GISTEMP,1978-10,0.0
918,GCAG,1978-09,0.0748
919,GISTEMP,1978-09,0.05
920,GCAG,1978-08,0.0033
921,GISTEMP,1978-08,-0.18
922,GCAG,1978-07,0.0699
923,GISTEMP,1978-07,0.07
924,GCAG,1978-06,0.0532
925,GISTEMP,1978-06,-0.03
926,GCAG,1978-05,0.0596
927,GISTEMP,1978-05,0.07
928,GCAG,1978-04,0.1324
929,GISTEMP,1978-04,0.15
930,GCAG,1978-03,0.2228
931,GISTEMP,1978-03,0.21
932,GCAG,1978-02,0.1306
933,GISTEMP,1978-02,0.14
934,GCAG,1978-01,0.1606
935,GISTEMP,1978-01,0.08
936,GCAG,1977-12,0.1124
937,GISTEMP,1977-12,0.05
938,GCAG,1977-11,0.2603
939,GISTEMP,1977-11,0.2
940,GCAG,1977-10,0.1189
941,GISTEMP,1977-10,0.04
942,GCAG,1977-09,0.1867
943,GISTEMP,1977-09,0.02
944,GCAG,1977-08,0.1418
945,GISTEMP,1977-08,0.19
946,GCAG,1977-07,0.1737
947,GISTEMP,1977-07,0.23
948,GCAG,1977-06,0.2474
949,GISTEMP,1977-06,0.25
950,GCAG,1977-05,0.2368
951,GISTEMP,1977-05,0.3
952,GCAG,1977-04,0.282
953,GISTEMP,1977-04,0.27
954,GCAG,1977-03,0.3109
955,GISTEMP,1977-03,0.25
956,GCAG,1977-02,0.2384
957,GISTEMP,1977-02,0.2
958,GCAG,1977-01,0.0639
959,GISTEMP,1977-01,0.18
960,GCAG,1976-12,0.0906
961,GISTEMP,1976-12,0.09
962,GCAG,1976-11,-0.0432
963,GISTEMP,1976-11,-0.06
964,GCAG,1976-10,-0.1821
965,GISTEMP,1976-10,-0.26
966,GCAG,1976-09,-0.0426
967,GISTEMP,1976-09,-0.09
968,GCAG,1976-08,-0.0894
969,GISTEMP,1976-08,-0.18
970,GCAG,1976-07,-0.0846
971,GISTEMP,1976-07,-0.12
972,GCAG,1976-06,-0.074
973,GISTEMP,1976-06,-0.15
974,GCAG,1976-05,-0.1228
975,GISTEMP,1976-05,-0.23
976,GCAG,1976-04,-0.0223
977,GISTEMP,1976-04,-0.1
978,GCAG,1976-03,-0.2394
979,GISTEMP,1976-03,-0.21
980,GCAG,1976-02,-0.1221
981,GISTEMP,1976-02,-0.06
982,GCAG,1976-01,-0.0181
983,GISTEMP,1976-01,0.0
984,GCAG,1975-12,-0.0895
985,GISTEMP,1975-12,-0.17
986,GCAG,1975-11,-0.145
987,GISTEMP,1975-11,-0.16
988,GCAG,1975-10,-0.1236
989,GISTEMP,1975-10,-0.09
990,GCAG,1975-09,0.017
991,GISTEMP,1975-09,-0.03
992,GCAG,1975-08,-0.0671
993,GISTEMP,1975-08,-0.2
994,GCAG,1975-07,0.0055
995,GISTEMP,1975-07,-0.03
996,GCAG,1975-06,0.0342
997,GISTEMP,1975-06,-0.02
998,GCAG,1975-05,0.0693
999,GISTEMP,1975-05,0.16
1000,GCAG,1975-04,0.0779
1001,GISTEMP,1975-04,0.06
1002,GCAG,1975-03,0.1096
1003,GISTEMP,1975-03,0.14
1004,GCAG,1975-02,0.0326
1005,GISTEMP,1975-02,0.07
1006,GCAG,1975-01,0.1201
1007,GISTEMP,1975-01,0.07
1008,GCAG,1974-12,-0.0976
1009,GISTEMP,1974-12,-0.09
1010,GCAG,1974-11,-0.0671
1011,GISTEMP,1974-11,-0.07
1012,GCAG,1974-10,-0.0831
1013,GISTEMP,1974-10,-0.07
1014,GCAG,1974-09,-0.0428
1015,GISTEMP,1974-09,-0.12
1016,GCAG,1974-08,0.0131
1017,GISTEMP,1974-08,0.12
1018,GCAG,1974-07,0.0195
1019,GISTEMP,1974-07,-0.03
1020,GCAG,1974-06,-0.0375
1021,GISTEMP,1974-06,-0.05
1022,GCAG,1974-05,-0.0246
1023,GISTEMP,1974-05,-0.01
1024,GCAG,1974-04,-0.042
1025,GISTEMP,1974-04,-0.1
1026,GCAG,1974-03,-0.0509
1027,GISTEMP,1974-03,-0.05
1028,GCAG,1974-02,-0.2548
1029,GISTEMP,1974-02,-0.28
1030,GCAG,1974-01,-0.1953
1031,GISTEMP,1974-01,-0.14
1032,GCAG,1973-12,0.0277
1033,GISTEMP,1973-12,-0.06
1034,GCAG,1973-11,0.022
1035,GISTEMP,1973-11,0.06
1036,GCAG,1973-10,0.0446
1037,GISTEMP,1973-10,0.12
1038,GCAG,1973-09,0.0563
1039,GISTEMP,1973-09,0.06
1040,GCAG,1973-08,0.0774
1041,GISTEMP,1973-08,0.02
1042,GCAG,1973-07,0.1163
1043,GISTEMP,1973-07,0.09
1044,GCAG,1973-06,0.1972
1045,GISTEMP,1973-06,0.16
1046,GCAG,1973-05,0.2152
1047,GISTEMP,1973-05,0.26
1048,GCAG,1973-04,0.2502
1049,GISTEMP,1973-04,0.25
1050,GCAG,1973-03,0.3305
1051,GISTEMP,1973-03,0.26
1052,GCAG,1973-02,0.3722
1053,GISTEMP,1973-02,0.3
1054,GCAG,1973-01,0.259
1055,GISTEMP,1973-01,0.28
1056,GCAG,1972-12,0.2529
1057,GISTEMP,1972-12,0.18
1058,GCAG,1972-11,0.0799
1059,GISTEMP,1972-11,0.03
1060,GCAG,1972-10,0.0891
1061,GISTEMP,1972-10,0.09
1062,GCAG,1972-09,0.0207
1063,GISTEMP,1972-09,0.03
1064,GCAG,1972-08,0.0863
1065,GISTEMP,1972-08,0.18
1066,GCAG,1972-07,0.0639
1067,GISTEMP,1972-07,0.02
1068,GCAG,1972-06,0.0765
1069,GISTEMP,1972-06,0.04
1070,GCAG,1972-05,0.0147
1071,GISTEMP,1972-05,-0.03
1072,GCAG,1972-04,0.0357
1073,GISTEMP,1972-04,-0.01
1074,GCAG,1972-03,0.0014
1075,GISTEMP,1972-03,0.02
1076,GCAG,1972-02,-0.1624
1077,GISTEMP,1972-02,-0.17
1078,GCAG,1972-01,-0.2415
1079,GISTEMP,1972-01,-0.24
1080,GCAG,1971-12,-0.0198
1081,GISTEMP,1971-12,-0.08
1082,GCAG,1971-11,0.0363
1083,GISTEMP,1971-11,-0.04
1084,GCAG,1971-10,-0.0763
1085,GISTEMP,1971-10,-0.05
1086,GCAG,1971-09,-0.0443
1087,GISTEMP,1971-09,-0.01
1088,GCAG,1971-08,-0.0688
1089,GISTEMP,1971-08,-0.03
1090,GCAG,1971-07,-0.063
1091,GISTEMP,1971-07,-0.12
1092,GCAG,1971-06,-0.1243
1093,GISTEMP,1971-06,-0.18
1094,GCAG,1971-05,-0.0899
1095,GISTEMP,1971-05,-0.06
1096,GCAG,1971-04,-0.1299
1097,GISTEMP,1971-04,-0.09
1098,GCAG,1971-03,-0.1412
1099,GISTEMP,1971-03,-0.18
1100,GCAG,1971-02,-0.2144
1101,GISTEMP,1971-02,-0.2
1102,GCAG,1971-01,-0.0045
1103,GISTEMP,1971-01,-0.02
1104,GCAG,1970-12,-0.0954
1105,GISTEMP,1970-12,-0.13
1106,GCAG,1970-11,0.0226
1107,GISTEMP,1970-11,0.01
1108,GCAG,1970-10,-0.0367
1109,GISTEMP,1970-10,0.05
1110,GCAG,1970-09,0.0077
1111,GISTEMP,1970-09,0.11
1112,GCAG,1970-08,-0.0198
1113,GISTEMP,1970-08,-0.11
1114,GCAG,1970-07,-0.0218
1115,GISTEMP,1970-07,-0.04
1116,GCAG,1970-06,0.0295
1117,GISTEMP,1970-06,-0.03
1118,GCAG,1970-05,0.0414
1119,GISTEMP,1970-05,-0.05
1120,GCAG,1970-04,0.131
1121,GISTEMP,1970-04,0.09
1122,GCAG,1970-03,0.0317
1123,GISTEMP,1970-03,0.08
1124,GCAG,1970-02,0.2353
1125,GISTEMP,1970-02,0.22
1126,GCAG,1970-01,0.1214
1127,GISTEMP,1970-01,0.09
1128,GCAG,1969-12,0.2468
1129,GISTEMP,1969-12,0.27
1130,GCAG,1969-11,0.1896
1131,GISTEMP,1969-11,0.12
1132,GCAG,1969-10,0.0713
1133,GISTEMP,1969-10,0.11
1134,GCAG,1969-09,0.0843
1135,GISTEMP,1969-09,0.1
1136,GCAG,1969-08,0.0954
1137,GISTEMP,1969-08,0.03
1138,GCAG,1969-07,0.0933
1139,GISTEMP,1969-07,-0.01
1140,GCAG,1969-06,0.0766
1141,GISTEMP,1969-06,0.05
1142,GCAG,1969-05,0.1756
1143,GISTEMP,1969-05,0.2
1144,GCAG,1969-04,0.1935
1145,GISTEMP,1969-04,0.19
1146,GCAG,1969-03,0.1222
1147,GISTEMP,1969-03,0.0
1148,GCAG,1969-02,-0.1038
1149,GISTEMP,1969-02,-0.14
1150,GCAG,1969-01,-0.1295
1151,GISTEMP,1969-01,-0.11
1152,GCAG,1968-12,-0.0431
1153,GISTEMP,1968-12,-0.14
1154,GCAG,1968-11,0.0156
1155,GISTEMP,1968-11,-0.04
1156,GCAG,1968-10,0.0471
1157,GISTEMP,1968-10,0.12
1158,GCAG,1968-09,-0.0112
1159,GISTEMP,1968-09,-0.18
1160,GCAG,1968-08,-0.0143
1161,GISTEMP,1968-08,-0.11
1162,GCAG,1968-07,-0.0197
1163,GISTEMP,1968-07,-0.11
1164,GCAG,1968-06,-0.0161
1165,GISTEMP,1968-06,-0.06
1166,GCAG,1968-05,-0.0803
1167,GISTEMP,1968-05,-0.1
1168,GCAG,1968-04,-0.0703
1169,GISTEMP,1968-04,-0.05
1170,GCAG,1968-03,0.1508
1171,GISTEMP,1968-03,0.21
1172,GCAG,1968-02,-0.1266
1173,GISTEMP,1968-02,-0.15
1174,GCAG,1968-01,-0.1865
1175,GISTEMP,1968-01,-0.23
1176,GCAG,1967-12,-0.04
1177,GISTEMP,1967-12,-0.02
1178,GCAG,1967-11,-0.0212
1179,GISTEMP,1967-11,-0.06
1180,GCAG,1967-10,0.1288
1181,GISTEMP,1967-10,0.06
1182,GCAG,1967-09,-0.0317
1183,GISTEMP,1967-09,-0.04
1184,GCAG,1967-08,-0.0055
1185,GISTEMP,1967-08,0.02
1186,GCAG,1967-07,-0.0177
1187,GISTEMP,1967-07,0.01
1188,GCAG,1967-06,-0.0299
1189,GISTEMP,1967-06,-0.08
1190,GCAG,1967-05,0.1243
1191,GISTEMP,1967-05,0.14
1192,GCAG,1967-04,0.0056
1193,GISTEMP,1967-04,-0.05
1194,GCAG,1967-03,0.0029
1195,GISTEMP,1967-03,0.03
1196,GCAG,1967-02,-0.1656
1197,GISTEMP,1967-02,-0.2
1198,GCAG,1967-01,-0.1068
1199,GISTEMP,1967-01,-0.06
1200,GCAG,1966-12,-0.1244
1201,GISTEMP,1966-12,-0.06
1202,GCAG,1966-11,-0.0465
1203,GISTEMP,1966-11,-0.02
1204,GCAG,1966-10,-0.0592
1205,GISTEMP,1966-10,-0.15
1206,GCAG,1966-09,0.0261
1207,GISTEMP,1966-09,-0.01
1208,GCAG,1966-08,0.0191
1209,GISTEMP,1966-08,-0.1
1210,GCAG,1966-07,0.0667
1211,GISTEMP,1966-07,0.09
1212,GCAG,1966-06,0.0577
1213,GISTEMP,1966-06,0.02
1214,GCAG,1966-05,-0.0359
1215,GISTEMP,1966-05,-0.1
1216,GCAG,1966-04,-0.0908
1217,GISTEMP,1966-04,-0.13
1218,GCAG,1966-03,-0.0025
1219,GISTEMP,1966-03,0.04
1220,GCAG,1966-02,-0.0373
1221,GISTEMP,1966-02,0.0
1222,GCAG,1966-01,-0.0458
1223,GISTEMP,1966-01,-0.16
1224,GCAG,1965-12,-0.0124
1225,GISTEMP,1965-12,-0.05
1226,GCAG,1965-11,-0.09
1227,GISTEMP,1965-11,-0.06
1228,GCAG,1965-10,0.0238
1229,GISTEMP,1965-10,-0.04
1230,GCAG,1965-09,-0.0503
1231,GISTEMP,1965-09,-0.15
1232,GCAG,1965-08,-0.0464
1233,GISTEMP,1965-08,-0.01
1234,GCAG,1965-07,-0.0841
1235,GISTEMP,1965-07,-0.12
1236,GCAG,1965-06,-0.0434
1237,GISTEMP,1965-06,-0.08
1238,GCAG,1965-05,-0.0787
1239,GISTEMP,1965-05,-0.14
1240,GCAG,1965-04,-0.1875
1241,GISTEMP,1965-04,-0.2
1242,GCAG,1965-03,-0.1005
1243,GISTEMP,1965-03,-0.11
1244,GCAG,1965-02,-0.1966
1245,GISTEMP,1965-02,-0.17
1246,GCAG,1965-01,-0.0699
1247,GISTEMP,1965-01,-0.09
1248,GCAG,1964-12,-0.2651
1249,GISTEMP,1964-12,-0.3
1250,GCAG,1964-11,-0.2017
1251,GISTEMP,1964-11,-0.21
1252,GCAG,1964-10,-0.2665
1253,GISTEMP,1964-10,-0.3
1254,GCAG,1964-09,-0.2093
1255,GISTEMP,1964-09,-0.28
1256,GCAG,1964-08,-0.1669
1257,GISTEMP,1964-08,-0.2
1258,GCAG,1964-07,-0.1111
1259,GISTEMP,1964-07,-0.07
1260,GCAG,1964-06,-0.0931
1261,GISTEMP,1964-06,-0.07
1262,GCAG,1964-05,-0.098
1263,GISTEMP,1964-05,-0.25
1264,GCAG,1964-04,-0.1847
1265,GISTEMP,1964-04,-0.3
1266,GCAG,1964-03,-0.1421
1267,GISTEMP,1964-03,-0.22
1268,GCAG,1964-02,-0.1048
1269,GISTEMP,1964-02,-0.12
1270,GCAG,1964-01,0.0488
1271,GISTEMP,1964-01,-0.06
1272,GCAG,1963-12,0.0812
1273,GISTEMP,1963-12,0.0
1274,GCAG,1963-11,0.1947
1275,GISTEMP,1963-11,0.15
1276,GCAG,1963-10,0.2148
1277,GISTEMP,1963-10,0.15
1278,GCAG,1963-09,0.1629
1279,GISTEMP,1963-09,0.2
1280,GCAG,1963-08,0.1579
1281,GISTEMP,1963-08,0.25
1282,GCAG,1963-07,0.1382
1283,GISTEMP,1963-07,0.08
1284,GCAG,1963-06,0.0499
1285,GISTEMP,1963-06,0.03
1286,GCAG,1963-05,0.013
1287,GISTEMP,1963-05,-0.09
1288,GCAG,1963-04,-0.0041
1289,GISTEMP,1963-04,-0.05
1290,GCAG,1963-03,-0.0216
1291,GISTEMP,1963-03,-0.13
1292,GCAG,1963-02,0.2566
1293,GISTEMP,1963-02,0.19
1294,GCAG,1963-01,0.0376
1295,GISTEMP,1963-01,-0.03
1296,GCAG,1962-12,0.0881
1297,GISTEMP,1962-12,-0.01
1298,GCAG,1962-11,0.0745
1299,GISTEMP,1962-11,0.06
1300,GCAG,1962-10,0.0796
1301,GISTEMP,1962-10,-0.03
1302,GCAG,1962-09,0.0606
1303,GISTEMP,1962-09,-0.01
1304,GCAG,1962-08,0.0552
1305,GISTEMP,1962-08,-0.02
1306,GCAG,1962-07,0.0905
1307,GISTEMP,1962-07,-0.02
1308,GCAG,1962-06,0.0574
1309,GISTEMP,1962-06,0.06
1310,GCAG,1962-05,0.0589
1311,GISTEMP,1962-05,-0.06
1312,GCAG,1962-04,0.0763
1313,GISTEMP,1962-04,0.05
1314,GCAG,1962-03,0.1197
1315,GISTEMP,1962-03,0.12
1316,GCAG,1962-02,0.1698
1317,GISTEMP,1962-02,0.14
1318,GCAG,1962-01,0.1345
1319,GISTEMP,1962-01,0.08
1320,GCAG,1961-12,-0.0171
1321,GISTEMP,1961-12,-0.15
1322,GCAG,1961-11,0.016
1323,GISTEMP,1961-11,0.03
1324,GCAG,1961-10,-0.035
1325,GISTEMP,1961-10,0.0
1326,GCAG,1961-09,-0.0041
1327,GISTEMP,1961-09,0.05
1328,GCAG,1961-08,0.032
1329,GISTEMP,1961-08,0.02
1330,GCAG,1961-07,0.035
1331,GISTEMP,1961-07,-0.03
1332,GCAG,1961-06,0.1479
1333,GISTEMP,1961-06,0.12
1334,GCAG,1961-05,0.1614
1335,GISTEMP,1961-05,0.13
1336,GCAG,1961-04,0.1335
1337,GISTEMP,1961-04,0.15
1338,GCAG,1961-03,0.1646
1339,GISTEMP,1961-03,0.09
1340,GCAG,1961-02,0.1768
1341,GISTEMP,1961-02,0.18
1342,GCAG,1961-01,0.1188
1343,GISTEMP,1961-01,0.07
1344,GCAG,1960-12,0.2278
1345,GISTEMP,1960-12,0.18
1346,GCAG,1960-11,-0.0484
1347,GISTEMP,1960-11,-0.11
1348,GCAG,1960-10,0.039
1349,GISTEMP,1960-10,0.07
1350,GCAG,1960-09,0.0638
1351,GISTEMP,1960-09,0.05
1352,GCAG,1960-08,0.0461
1353,GISTEMP,1960-08,-0.01
1354,GCAG,1960-07,0.0339
1355,GISTEMP,1960-07,-0.02
1356,GCAG,1960-06,0.0772
1357,GISTEMP,1960-06,0.01
1358,GCAG,1960-05,-0.0841
1359,GISTEMP,1960-05,-0.08
1360,GCAG,1960-04,-0.0954
1361,GISTEMP,1960-04,-0.16
1362,GCAG,1960-03,-0.2041
1363,GISTEMP,1960-03,-0.36
1364,GCAG,1960-02,0.1858
1365,GISTEMP,1960-02,0.14
1366,GCAG,1960-01,0.0032
1367,GISTEMP,1960-01,-0.01
1368,GCAG,1959-12,-0.0343
1369,GISTEMP,1959-12,-0.03
1370,GCAG,1959-11,-0.079
1371,GISTEMP,1959-11,-0.09
1372,GCAG,1959-10,-0.0137
1373,GISTEMP,1959-10,-0.09
1374,GCAG,1959-09,0.097
1375,GISTEMP,1959-09,-0.06
1376,GCAG,1959-08,0.0516
1377,GISTEMP,1959-08,-0.01
1378,GCAG,1959-07,0.0671
1379,GISTEMP,1959-07,0.06
1380,GCAG,1959-06,0.0849
1381,GISTEMP,1959-06,0.02
1382,GCAG,1959-05,0.0263
1383,GISTEMP,1959-05,0.06
1384,GCAG,1959-04,0.118
1385,GISTEMP,1959-04,0.16
1386,GCAG,1959-03,0.2041
1387,GISTEMP,1959-03,0.19
1388,GCAG,1959-02,0.0682
1389,GISTEMP,1959-02,0.09
1390,GCAG,1959-01,0.125
1391,GISTEMP,1959-01,0.06
1392,GCAG,1958-12,0.1452
1393,GISTEMP,1958-12,0.01
1394,GCAG,1958-11,0.0896
1395,GISTEMP,1958-11,0.02
1396,GCAG,1958-10,0.0405
1397,GISTEMP,1958-10,0.04
1398,GCAG,1958-09,0.0186
1399,GISTEMP,1958-09,-0.03
1400,GCAG,1958-08,0.0528
1401,GISTEMP,1958-08,-0.06
1402,GCAG,1958-07,0.0649
1403,GISTEMP,1958-07,0.06
1404,GCAG,1958-06,0.0624
1405,GISTEMP,1958-06,-0.05
1406,GCAG,1958-05,0.1007
1407,GISTEMP,1958-05,0.08
1408,GCAG,1958-04,0.114
1409,GISTEMP,1958-04,0.01
1410,GCAG,1958-03,0.1181
1411,GISTEMP,1958-03,0.1
1412,GCAG,1958-02,0.2103
1413,GISTEMP,1958-02,0.24
1414,GCAG,1958-01,0.2964
1415,GISTEMP,1958-01,0.39
1416,GCAG,1957-12,0.229
1417,GISTEMP,1957-12,0.16
1418,GCAG,1957-11,0.1282
1419,GISTEMP,1957-11,0.07
1420,GCAG,1957-10,0.0143
1421,GISTEMP,1957-10,0.01
1422,GCAG,1957-09,0.0748
1423,GISTEMP,1957-09,0.06
1424,GCAG,1957-08,0.1302
1425,GISTEMP,1957-08,0.14
1426,GCAG,1957-07,0.0596
1427,GISTEMP,1957-07,0.01
1428,GCAG,1957-06,0.1577
1429,GISTEMP,1957-06,0.16
1430,GCAG,1957-05,0.1092
1431,GISTEMP,1957-05,0.08
1432,GCAG,1957-04,-0.0193
1433,GISTEMP,1957-04,-0.04
1434,GCAG,1957-03,-0.068
1435,GISTEMP,1957-03,-0.05
1436,GCAG,1957-02,-0.1118
1437,GISTEMP,1957-02,-0.05
1438,GCAG,1957-01,-0.1178
1439,GISTEMP,1957-01,-0.14
1440,GCAG,1956-12,-0.153
1441,GISTEMP,1956-12,-0.1
1442,GCAG,1956-11,-0.1564
1443,GISTEMP,1956-11,-0.17
1444,GCAG,1956-10,-0.1989
1445,GISTEMP,1956-10,-0.24
1446,GCAG,1956-09,-0.252
1447,GISTEMP,1956-09,-0.22
1448,GCAG,1956-08,-0.1866
1449,GISTEMP,1956-08,-0.25
1450,GCAG,1956-07,-0.1346
1451,GISTEMP,1956-07,-0.12
1452,GCAG,1956-06,-0.1437
1453,GISTEMP,1956-06,-0.15
1454,GCAG,1956-05,-0.2275
1455,GISTEMP,1956-05,-0.28
1456,GCAG,1956-04,-0.2846
1457,GISTEMP,1956-04,-0.26
1458,GCAG,1956-03,-0.2003
1459,GISTEMP,1956-03,-0.23
1460,GCAG,1956-02,-0.2732
1461,GISTEMP,1956-02,-0.25
1462,GCAG,1956-01,-0.1773
1463,GISTEMP,1956-01,-0.17
1464,GCAG,1955-12,-0.2706
1465,GISTEMP,1955-12,-0.32
1466,GCAG,1955-11,-0.2373
1467,GISTEMP,1955-11,-0.28
1468,GCAG,1955-10,-0.1232
1469,GISTEMP,1955-10,-0.05
1470,GCAG,1955-09,-0.0923
1471,GISTEMP,1955-09,-0.13
1472,GCAG,1955-08,-0.0262
1473,GISTEMP,1955-08,0.04
1474,GCAG,1955-07,-0.0881
1475,GISTEMP,1955-07,-0.09
1476,GCAG,1955-06,-0.0695
1477,GISTEMP,1955-06,-0.08
1478,GCAG,1955-05,-0.1274
1479,GISTEMP,1955-05,-0.2
1480,GCAG,1955-04,-0.2383
1481,GISTEMP,1955-04,-0.23
1482,GCAG,1955-03,-0.3091
1483,GISTEMP,1955-03,-0.36
1484,GCAG,1955-02,-0.1303
1485,GISTEMP,1955-02,-0.21
1486,GCAG,1955-01,0.0879
1487,GISTEMP,1955-01,0.11
1488,GCAG,1954-12,-0.1859
1489,GISTEMP,1954-12,-0.18
1490,GCAG,1954-11,0.039
1491,GISTEMP,1954-11,0.08
1492,GCAG,1954-10,-0.0694
1493,GISTEMP,1954-10,-0.01
1494,GCAG,1954-09,-0.0595
1495,GISTEMP,1954-09,-0.07
1496,GCAG,1954-08,-0.0913
1497,GISTEMP,1954-08,-0.13
1498,GCAG,1954-07,-0.1229
1499,GISTEMP,1954-07,-0.16
1500,GCAG,1954-06,-0.1161
1501,GISTEMP,1954-06,-0.16
1502,GCAG,1954-05,-0.202
1503,GISTEMP,1954-05,-0.2
1504,GCAG,1954-04,-0.1766
1505,GISTEMP,1954-04,-0.18
1506,GCAG,1954-03,-0.091
1507,GISTEMP,1954-03,-0.12
1508,GCAG,1954-02,-0.0865
1509,GISTEMP,1954-02,-0.1
1510,GCAG,1954-01,-0.2352
1511,GISTEMP,1954-01,-0.28
1512,GCAG,1953-12,0.0555
1513,GISTEMP,1953-12,0.03
1514,GCAG,1953-11,-0.0621
1515,GISTEMP,1953-11,-0.05
1516,GCAG,1953-10,0.0723
1517,GISTEMP,1953-10,0.05
1518,GCAG,1953-09,0.0632
1519,GISTEMP,1953-09,0.06
1520,GCAG,1953-08,0.0812
1521,GISTEMP,1953-08,0.08
1522,GCAG,1953-07,0.0662
1523,GISTEMP,1953-07,0.02
1524,GCAG,1953-06,0.124
1525,GISTEMP,1953-06,0.08
1526,GCAG,1953-05,0.144
1527,GISTEMP,1953-05,0.08
1528,GCAG,1953-04,0.1873
1529,GISTEMP,1953-04,0.2
1530,GCAG,1953-03,0.1539
1531,GISTEMP,1953-03,0.11
1532,GCAG,1953-02,0.1534
1533,GISTEMP,1953-02,0.16
1534,GCAG,1953-01,0.1037
1535,GISTEMP,1953-01,0.09
1536,GCAG,1952-12,-0.008
1537,GISTEMP,1952-12,-0.02
1538,GCAG,1952-11,-0.1975
1539,GISTEMP,1952-11,-0.17
1540,GCAG,1952-10,-0.0366
1541,GISTEMP,1952-10,-0.04
1542,GCAG,1952-09,0.0653
1543,GISTEMP,1952-09,0.08
1544,GCAG,1952-08,0.0647
1545,GISTEMP,1952-08,0.07
1546,GCAG,1952-07,0.0735
1547,GISTEMP,1952-07,0.05
1548,GCAG,1952-06,0.0396
1549,GISTEMP,1952-06,-0.04
1550,GCAG,1952-05,0.034
1551,GISTEMP,1952-05,-0.05
1552,GCAG,1952-04,0.0666
1553,GISTEMP,1952-04,0.02
1554,GCAG,1952-03,-0.048
1555,GISTEMP,1952-03,-0.1
1556,GCAG,1952-02,0.0921
1557,GISTEMP,1952-02,0.12
1558,GCAG,1952-01,0.152
1559,GISTEMP,1952-01,0.16
1560,GCAG,1951-12,0.2148
1561,GISTEMP,1951-12,0.15
1562,GCAG,1951-11,0.026
1563,GISTEMP,1951-11,0.0
1564,GCAG,1951-10,0.1081
1565,GISTEMP,1951-10,0.06
1566,GCAG,1951-09,0.1322
1567,GISTEMP,1951-09,0.07
1568,GCAG,1951-08,0.113
1569,GISTEMP,1951-08,0.05
1570,GCAG,1951-07,0.1101
1571,GISTEMP,1951-07,0.0
1572,GCAG,1951-06,0.0381
1573,GISTEMP,1951-06,-0.05
1574,GCAG,1951-05,0.0569
1575,GISTEMP,1951-05,-0.02
1576,GCAG,1951-04,-0.0877
1577,GISTEMP,1951-04,-0.1
1578,GCAG,1951-03,-0.1689
1579,GISTEMP,1951-03,-0.19
1580,GCAG,1951-02,-0.4101
1581,GISTEMP,1951-02,-0.44
1582,GCAG,1951-01,-0.2903
1583,GISTEMP,1951-01,-0.35
1584,GCAG,1950-12,-0.181
1585,GISTEMP,1950-12,-0.2
1586,GCAG,1950-11,-0.3605
1587,GISTEMP,1950-11,-0.35
1588,GCAG,1950-10,-0.1661
1589,GISTEMP,1950-10,-0.2
1590,GCAG,1950-09,-0.1049
1591,GISTEMP,1950-09,-0.1
1592,GCAG,1950-08,-0.1382
1593,GISTEMP,1950-08,-0.18
1594,GCAG,1950-07,-0.1053
1595,GISTEMP,1950-07,-0.09
1596,GCAG,1950-06,-0.0559
1597,GISTEMP,1950-06,-0.06
1598,GCAG,1950-05,-0.0536
1599,GISTEMP,1950-05,-0.12
1600,GCAG,1950-04,-0.1706
1601,GISTEMP,1950-04,-0.21
1602,GCAG,1950-03,-0.0868
1603,GISTEMP,1950-03,-0.06
1604,GCAG,1950-02,-0.2389
1605,GISTEMP,1950-02,-0.26
1606,GCAG,1950-01,-0.2777
1607,GISTEMP,1950-01,-0.3
1608,GCAG,1949-12,-0.1821
1609,GISTEMP,1949-12,-0.19
1610,GCAG,1949-11,-0.0534
1611,GISTEMP,1949-11,-0.08
1612,GCAG,1949-10,-0.0297
1613,GISTEMP,1949-10,-0.03
1614,GCAG,1949-09,-0.0701
1615,GISTEMP,1949-09,-0.08
1616,GCAG,1949-08,-0.0217
1617,GISTEMP,1949-08,-0.08
1618,GCAG,1949-07,-0.077
1619,GISTEMP,1949-07,-0.13
1620,GCAG,1949-06,-0.1486
1621,GISTEMP,1949-06,-0.22
1622,GCAG,1949-05,-0.0063
1623,GISTEMP,1949-05,-0.09
1624,GCAG,1949-04,0.0076
1625,GISTEMP,1949-04,-0.07
1626,GCAG,1949-03,-0.0732
1627,GISTEMP,1949-03,-0.01
1628,GCAG,1949-02,-0.1476
1629,GISTEMP,1949-02,-0.16
1630,GCAG,1949-01,0.1209
1631,GISTEMP,1949-01,0.09
1632,GCAG,1948-12,-0.1121
1633,GISTEMP,1948-12,-0.23
1634,GCAG,1948-11,-0.056
1635,GISTEMP,1948-11,-0.08
1636,GCAG,1948-10,-0.065
1637,GISTEMP,1948-10,-0.07
1638,GCAG,1948-09,-0.1032
1639,GISTEMP,1948-09,-0.1
1640,GCAG,1948-08,-0.0282
1641,GISTEMP,1948-08,-0.1
1642,GCAG,1948-07,-0.0622
1643,GISTEMP,1948-07,-0.13
1644,GCAG,1948-06,-0.015
1645,GISTEMP,1948-06,-0.05
1646,GCAG,1948-05,0.1427
1647,GISTEMP,1948-05,0.08
1648,GCAG,1948-04,-0.0646
1649,GISTEMP,1948-04,-0.09
1650,GCAG,1948-03,-0.1841
1651,GISTEMP,1948-03,-0.23
1652,GCAG,1948-02,-0.0906
1653,GISTEMP,1948-02,-0.13
1654,GCAG,1948-01,0.0535
1655,GISTEMP,1948-01,0.05
1656,GCAG,1947-12,-0.1463
1657,GISTEMP,1947-12,-0.18
1658,GCAG,1947-11,-0.0238
1659,GISTEMP,1947-11,-0.01
1660,GCAG,1947-10,0.0549
1661,GISTEMP,1947-10,0.06
1662,GCAG,1947-09,-0.1306
1663,GISTEMP,1947-09,-0.14
1664,GCAG,1947-08,-0.0623
1665,GISTEMP,1947-08,-0.08
1666,GCAG,1947-07,-0.0138
1667,GISTEMP,1947-07,-0.06
1668,GCAG,1947-06,0.0208
1669,GISTEMP,1947-06,0.0
1670,GCAG,1947-05,-0.019
1671,GISTEMP,1947-05,-0.06
1672,GCAG,1947-04,0.0143
1673,GISTEMP,1947-04,0.04
1674,GCAG,1947-03,-0.0079
1675,GISTEMP,1947-03,0.05
1676,GCAG,1947-02,-0.0774
1677,GISTEMP,1947-02,-0.08
1678,GCAG,1947-01,-0.1816
1679,GISTEMP,1947-01,-0.13
1680,GCAG,1946-12,-0.2636
1681,GISTEMP,1946-12,-0.29
1682,GCAG,1946-11,-0.0119
1683,GISTEMP,1946-11,-0.02
1684,GCAG,1946-10,-0.0057
1685,GISTEMP,1946-10,-0.06
1686,GCAG,1946-09,-0.0164
1687,GISTEMP,1946-09,-0.02
1688,GCAG,1946-08,-0.0697
1689,GISTEMP,1946-08,-0.08
1690,GCAG,1946-07,-0.0367
1691,GISTEMP,1946-07,-0.09
1692,GCAG,1946-06,-0.1016
1693,GISTEMP,1946-06,-0.17
1694,GCAG,1946-05,-0.0298
1695,GISTEMP,1946-05,-0.04
1696,GCAG,1946-04,0.1768
1697,GISTEMP,1946-04,0.11
1698,GCAG,1946-03,0.0005
1699,GISTEMP,1946-03,0.0
1700,GCAG,1946-02,0.0888
1701,GISTEMP,1946-02,0.06
1702,GCAG,1946-01,0.2209
1703,GISTEMP,1946-01,0.15
1704,GCAG,1945-12,-0.0475
1705,GISTEMP,1945-12,-0.1
1706,GCAG,1945-11,0.1955
1707,GISTEMP,1945-11,0.1
1708,GCAG,1945-10,0.2569
1709,GISTEMP,1945-10,0.22
1710,GCAG,1945-09,0.2578
1711,GISTEMP,1945-09,0.22
1712,GCAG,1945-08,0.3546
1713,GISTEMP,1945-08,0.25
1714,GCAG,1945-07,0.1652
1715,GISTEMP,1945-07,0.07
1716,GCAG,1945-06,0.1413
1717,GISTEMP,1945-06,0.02
1718,GCAG,1945-05,0.1761
1719,GISTEMP,1945-05,0.1
1720,GCAG,1945-04,0.2764
1721,GISTEMP,1945-04,0.24
1722,GCAG,1945-03,0.1072
1723,GISTEMP,1945-03,0.11
1724,GCAG,1945-02,0.0149
1725,GISTEMP,1945-02,0.02
1726,GCAG,1945-01,0.1535
1727,GISTEMP,1945-01,0.13
1728,GCAG,1944-12,0.0951
1729,GISTEMP,1944-12,0.05
1730,GCAG,1944-11,0.1518
1731,GISTEMP,1944-11,0.12
1732,GCAG,1944-10,0.323
1733,GISTEMP,1944-10,0.27
1734,GCAG,1944-09,0.3855
1735,GISTEMP,1944-09,0.31
1736,GCAG,1944-08,0.2804
1737,GISTEMP,1944-08,0.23
1738,GCAG,1944-07,0.3145
1739,GISTEMP,1944-07,0.23
1740,GCAG,1944-06,0.3348
1741,GISTEMP,1944-06,0.22
1742,GCAG,1944-05,0.2618
1743,GISTEMP,1944-05,0.26
1744,GCAG,1944-04,0.2718
1745,GISTEMP,1944-04,0.27
1746,GCAG,1944-03,0.3676
1747,GISTEMP,1944-03,0.34
1748,GCAG,1944-02,0.3032
1749,GISTEMP,1944-02,0.31
1750,GCAG,1944-01,0.4241
1751,GISTEMP,1944-01,0.41
1752,GCAG,1943-12,0.3539
1753,GISTEMP,1943-12,0.28
1754,GCAG,1943-11,0.2459
1755,GISTEMP,1943-11,0.25
1756,GCAG,1943-10,0.3095
1757,GISTEMP,1943-10,0.3
1758,GCAG,1943-09,0.1425
1759,GISTEMP,1943-09,0.11
1760,GCAG,1943-08,0.0992
1761,GISTEMP,1943-08,0.03
1762,GCAG,1943-07,0.183
1763,GISTEMP,1943-07,0.14
1764,GCAG,1943-06,0.0245
1765,GISTEMP,1943-06,-0.01
1766,GCAG,1943-05,0.1326
1767,GISTEMP,1943-05,0.1
1768,GCAG,1943-04,0.1726
1769,GISTEMP,1943-04,0.13
1770,GCAG,1943-03,0.0762
1771,GISTEMP,1943-03,0.01
1772,GCAG,1943-02,0.1683
1773,GISTEMP,1943-02,0.22
1774,GCAG,1943-01,-0.0241
1775,GISTEMP,1943-01,-0.01
1776,GCAG,1942-12,0.1515
1777,GISTEMP,1942-12,0.12
1778,GCAG,1942-11,0.167
1779,GISTEMP,1942-11,0.13
1780,GCAG,1942-10,0.1495
1781,GISTEMP,1942-10,0.06
1782,GCAG,1942-09,0.1179
1783,GISTEMP,1942-09,0.0
1784,GCAG,1942-08,0.044
1785,GISTEMP,1942-08,-0.03
1786,GCAG,1942-07,0.0768
1787,GISTEMP,1942-07,0.02
1788,GCAG,1942-06,0.2098
1789,GISTEMP,1942-06,0.11
1790,GCAG,1942-05,0.1665
1791,GISTEMP,1942-05,0.14
1792,GCAG,1942-04,0.19
1793,GISTEMP,1942-04,0.14
1794,GCAG,1942-03,0.1771
1795,GISTEMP,1942-03,0.13
1796,GCAG,1942-02,0.0971
1797,GISTEMP,1942-02,0.05
1798,GCAG,1942-01,0.2983
1799,GISTEMP,1942-01,0.26
1800,GCAG,1941-12,0.2108
1801,GISTEMP,1941-12,0.14
1802,GCAG,1941-11,0.2212
1803,GISTEMP,1941-11,0.12
1804,GCAG,1941-10,0.313
1805,GISTEMP,1941-10,0.24
1806,GCAG,1941-09,0.0881
1807,GISTEMP,1941-09,0.02
1808,GCAG,1941-08,0.1736
1809,GISTEMP,1941-08,0.14
1810,GCAG,1941-07,0.2069
1811,GISTEMP,1941-07,0.15
1812,GCAG,1941-06,0.1614
1813,GISTEMP,1941-06,0.04
1814,GCAG,1941-05,0.2446
1815,GISTEMP,1941-05,0.1
1816,GCAG,1941-04,0.2229
1817,GISTEMP,1941-04,0.11
1818,GCAG,1941-03,0.1023
1819,GISTEMP,1941-03,0.06
1820,GCAG,1941-02,0.227
1821,GISTEMP,1941-02,0.23
1822,GCAG,1941-01,0.1802
1823,GISTEMP,1941-01,0.13
1824,GCAG,1940-12,0.2683
1825,GISTEMP,1940-12,0.19
1826,GCAG,1940-11,0.1004
1827,GISTEMP,1940-11,0.13
1828,GCAG,1940-10,0.0993
1829,GISTEMP,1940-10,0.07
1830,GCAG,1940-09,0.1483
1831,GISTEMP,1940-09,0.12
1832,GCAG,1940-08,0.0902
1833,GISTEMP,1940-08,0.01
1834,GCAG,1940-07,0.1459
1835,GISTEMP,1940-07,0.1
1836,GCAG,1940-06,0.1039
1837,GISTEMP,1940-06,0.05
1838,GCAG,1940-05,0.0556
1839,GISTEMP,1940-05,0.05
1840,GCAG,1940-04,0.1286
1841,GISTEMP,1940-04,0.16
1842,GCAG,1940-03,0.0671
1843,GISTEMP,1940-03,0.12
1844,GCAG,1940-02,0.0514
1845,GISTEMP,1940-02,0.06
1846,GCAG,1940-01,-0.1226
1847,GISTEMP,1940-01,-0.15
1848,GCAG,1939-12,0.4057
1849,GISTEMP,1939-12,0.4
1850,GCAG,1939-11,0.044
1851,GISTEMP,1939-11,0.06
1852,GCAG,1939-10,-0.0427
1853,GISTEMP,1939-10,-0.03
1854,GCAG,1939-09,0.0111
1855,GISTEMP,1939-09,0.0
1856,GCAG,1939-08,0.0555
1857,GISTEMP,1939-08,-0.05
1858,GCAG,1939-07,0.0061
1859,GISTEMP,1939-07,-0.06
1860,GCAG,1939-06,-0.0077
1861,GISTEMP,1939-06,-0.08
1862,GCAG,1939-05,-0.0366
1863,GISTEMP,1939-05,-0.07
1864,GCAG,1939-04,-0.1319
1865,GISTEMP,1939-04,-0.12
1866,GCAG,1939-03,-0.1897
1867,GISTEMP,1939-03,-0.2
1868,GCAG,1939-02,-0.1137
1869,GISTEMP,1939-02,-0.12
1870,GCAG,1939-01,-0.1665
1871,GISTEMP,1939-01,-0.13
1872,GCAG,1938-12,-0.2541
1873,GISTEMP,1938-12,-0.26
1874,GCAG,1938-11,0.0039
1875,GISTEMP,1938-11,0.01
1876,GCAG,1938-10,0.0724
1877,GISTEMP,1938-10,0.11
1878,GCAG,1938-09,0.0293
1879,GISTEMP,1938-09,0.03
1880,GCAG,1938-08,-0.0149
1881,GISTEMP,1938-08,-0.04
1882,GCAG,1938-07,-0.0505
1883,GISTEMP,1938-07,-0.09
1884,GCAG,1938-06,-0.0939
1885,GISTEMP,1938-06,-0.17
1886,GCAG,1938-05,-0.019
1887,GISTEMP,1938-05,-0.07
1888,GCAG,1938-04,0.0428
1889,GISTEMP,1938-04,0.05
1890,GCAG,1938-03,0.0308
1891,GISTEMP,1938-03,0.05
1892,GCAG,1938-02,-0.054
1893,GISTEMP,1938-02,-0.04
1894,GCAG,1938-01,-0.0378
1895,GISTEMP,1938-01,0.0
1896,GCAG,1937-12,-0.0919
1897,GISTEMP,1937-12,-0.12
1898,GCAG,1937-11,0.0099
1899,GISTEMP,1937-11,0.09
1900,GCAG,1937-10,0.1137
1901,GISTEMP,1937-10,0.1
1902,GCAG,1937-09,0.1316
1903,GISTEMP,1937-09,0.14
1904,GCAG,1937-08,0.093
1905,GISTEMP,1937-08,0.03
1906,GCAG,1937-07,-0.0004
1907,GISTEMP,1937-07,-0.05
1908,GCAG,1937-06,0.0126
1909,GISTEMP,1937-06,-0.08
1910,GCAG,1937-05,-0.0187
1911,GISTEMP,1937-05,-0.07
1912,GCAG,1937-04,-0.1262
1913,GISTEMP,1937-04,-0.17
1914,GCAG,1937-03,-0.1823
1915,GISTEMP,1937-03,-0.17
1916,GCAG,1937-02,0.0385
1917,GISTEMP,1937-02,0.05
1918,GCAG,1937-01,-0.1684
1919,GISTEMP,1937-01,-0.11
1920,GCAG,1936-12,-0.0193
1921,GISTEMP,1936-12,-0.04
1922,GCAG,1936-11,-0.0275
1923,GISTEMP,1936-11,-0.05
1924,GCAG,1936-10,-0.0224
1925,GISTEMP,1936-10,-0.04
1926,GCAG,1936-09,-0.0389
1927,GISTEMP,1936-09,-0.06
1928,GCAG,1936-08,-0.0557
1929,GISTEMP,1936-08,-0.12
1930,GCAG,1936-07,-0.0139
1931,GISTEMP,1936-07,-0.06
1932,GCAG,1936-06,-0.1075
1933,GISTEMP,1936-06,-0.19
1934,GCAG,1936-05,-0.1178
1935,GISTEMP,1936-05,-0.17
1936,GCAG,1936-04,-0.1789
1937,GISTEMP,1936-04,-0.2
1938,GCAG,1936-03,-0.2107
1939,GISTEMP,1936-03,-0.23
1940,GCAG,1936-02,-0.3137
1941,GISTEMP,1936-02,-0.39
1942,GCAG,1936-01,-0.2547
1943,GISTEMP,1936-01,-0.29
1944,GCAG,1935-12,-0.1769
1945,GISTEMP,1935-12,-0.22
1946,GCAG,1935-11,-0.2707
1947,GISTEMP,1935-11,-0.29
1948,GCAG,1935-10,-0.013
1949,GISTEMP,1935-10,-0.08
1950,GCAG,1935-09,-0.0916
1951,GISTEMP,1935-09,-0.17
1952,GCAG,1935-08,-0.1003
1953,GISTEMP,1935-08,-0.17
1954,GCAG,1935-07,-0.1155
1955,GISTEMP,1935-07,-0.19
1956,GCAG,1935-06,-0.1706
1957,GISTEMP,1935-06,-0.23
1958,GCAG,1935-05,-0.2038
1959,GISTEMP,1935-05,-0.26
1960,GCAG,1935-04,-0.2567
1961,GISTEMP,1935-04,-0.35
1962,GCAG,1935-03,-0.1475
1963,GISTEMP,1935-03,-0.13
1964,GCAG,1935-02,0.1659
1965,GISTEMP,1935-02,0.11
1966,GCAG,1935-01,-0.2894
1967,GISTEMP,1935-01,-0.37
1968,GCAG,1934-12,-0.0256
1969,GISTEMP,1934-12,-0.09
1970,GCAG,1934-11,0.0128
1971,GISTEMP,1934-11,-0.01
1972,GCAG,1934-10,-0.0693
1973,GISTEMP,1934-10,-0.11
1974,GCAG,1934-09,-0.1226
1975,GISTEMP,1934-09,-0.16
1976,GCAG,1934-08,-0.0548
1977,GISTEMP,1934-08,-0.1
1978,GCAG,1934-07,-0.0894
1979,GISTEMP,1934-07,-0.11
1980,GCAG,1934-06,-0.0025
1981,GISTEMP,1934-06,-0.14
1982,GCAG,1934-05,-0.0444
1983,GISTEMP,1934-05,-0.11
1984,GCAG,1934-04,-0.2318
1985,GISTEMP,1934-04,-0.27
1986,GCAG,1934-03,-0.2574
1987,GISTEMP,1934-03,-0.31
1988,GCAG,1934-02,-0.0231
1989,GISTEMP,1934-02,-0.04
1990,GCAG,1934-01,-0.3102
1991,GISTEMP,1934-01,-0.27
1992,GCAG,1933-12,-0.4069
1993,GISTEMP,1933-12,-0.47
1994,GCAG,1933-11,-0.2548
1995,GISTEMP,1933-11,-0.31
1996,GCAG,1933-10,-0.1879
1997,GISTEMP,1933-10,-0.24
1998,GCAG,1933-09,-0.2214
1999,GISTEMP,1933-09,-0.26
2000,GCAG,1933-08,-0.1889
2001,GISTEMP,1933-08,-0.23
2002,GCAG,1933-07,-0.181
2003,GISTEMP,1933-07,-0.2
2004,GCAG,1933-06,-0.2007
2005,GISTEMP,1933-06,-0.32
2006,GCAG,1933-05,-0.2091
2007,GISTEMP,1933-05,-0.25
2008,GCAG,1933-04,-0.2044
2009,GISTEMP,1933-04,-0.23
2010,GCAG,1933-03,-0.2476
2011,GISTEMP,1933-03,-0.29
2012,GCAG,1933-02,-0.3167
2013,GISTEMP,1933-02,-0.32
2014,GCAG,1933-01,-0.3073
2015,GISTEMP,1933-01,-0.34
2016,GCAG,1932-12,-0.1861
2017,GISTEMP,1932-12,-0.22
2018,GCAG,1932-11,-0.1945
2019,GISTEMP,1932-11,-0.26
2020,GCAG,1932-10,-0.0926
2021,GISTEMP,1932-10,-0.1
2022,GCAG,1932-09,-0.0695
2023,GISTEMP,1932-09,-0.11
2024,GCAG,1932-08,-0.1757
2025,GISTEMP,1932-08,-0.24
2026,GCAG,1932-07,-0.1208
2027,GISTEMP,1932-07,-0.24
2028,GCAG,1932-06,-0.1578
2029,GISTEMP,1932-06,-0.3
2030,GCAG,1932-05,-0.1674
2031,GISTEMP,1932-05,-0.22
2032,GCAG,1932-04,-0.0324
2033,GISTEMP,1932-04,-0.07
2034,GCAG,1932-03,-0.1799
2035,GISTEMP,1932-03,-0.2
2036,GCAG,1932-02,-0.1794
2037,GISTEMP,1932-02,-0.18
2038,GCAG,1932-01,0.1547
2039,GISTEMP,1932-01,0.13
2040,GCAG,1931-12,-0.1052
2041,GISTEMP,1931-12,-0.1
2042,GCAG,1931-11,-0.1139
2043,GISTEMP,1931-11,-0.12
2044,GCAG,1931-10,0.0092
2045,GISTEMP,1931-10,0.0
2046,GCAG,1931-09,0.0035
2047,GISTEMP,1931-09,-0.06
2048,GCAG,1931-08,0.0047
2049,GISTEMP,1931-08,0.0
2050,GCAG,1931-07,-0.0155
2051,GISTEMP,1931-07,0.01
2052,GCAG,1931-06,-0.0185
2053,GISTEMP,1931-06,-0.06
2054,GCAG,1931-05,-0.1499
2055,GISTEMP,1931-05,-0.22
2056,GCAG,1931-04,-0.1625
2057,GISTEMP,1931-04,-0.21
2058,GCAG,1931-03,-0.0061
2059,GISTEMP,1931-03,-0.06
2060,GCAG,1931-02,-0.2225
2061,GISTEMP,1931-02,-0.22
2062,GCAG,1931-01,-0.047
2063,GISTEMP,1931-01,-0.1
2064,GCAG,1930-12,0.0064
2065,GISTEMP,1930-12,-0.09
2066,GCAG,1930-11,0.1368
2067,GISTEMP,1930-11,0.14
2068,GCAG,1930-10,-0.0011
2069,GISTEMP,1930-10,-0.08
2070,GCAG,1930-09,-0.1043
2071,GISTEMP,1930-09,-0.11
2072,GCAG,1930-08,-0.09
2073,GISTEMP,1930-08,-0.11
2074,GCAG,1930-07,-0.0692
2075,GISTEMP,1930-07,-0.17
2076,GCAG,1930-06,-0.1135
2077,GISTEMP,1930-06,-0.19
2078,GCAG,1930-05,-0.1976
2079,GISTEMP,1930-05,-0.25
2080,GCAG,1930-04,-0.195
2081,GISTEMP,1930-04,-0.26
2082,GCAG,1930-03,-0.0549
2083,GISTEMP,1930-03,-0.08
2084,GCAG,1930-02,-0.2
2085,GISTEMP,1930-02,-0.24
2086,GCAG,1930-01,-0.3206
2087,GISTEMP,1930-01,-0.29
2088,GCAG,1929-12,-0.5167
2089,GISTEMP,1929-12,-0.55
2090,GCAG,1929-11,-0.0971
2091,GISTEMP,1929-11,-0.14
2092,GCAG,1929-10,-0.1185
2093,GISTEMP,1929-10,-0.15
2094,GCAG,1929-09,-0.2089
2095,GISTEMP,1929-09,-0.23
2096,GCAG,1929-08,-0.2078
2097,GISTEMP,1929-08,-0.29
2098,GCAG,1929-07,-0.2735
2099,GISTEMP,1929-07,-0.33
2100,GCAG,1929-06,-0.2746
2101,GISTEMP,1929-06,-0.43
2102,GCAG,1929-05,-0.2886
2103,GISTEMP,1929-05,-0.39
2104,GCAG,1929-04,-0.2976
2105,GISTEMP,1929-04,-0.4
2106,GCAG,1929-03,-0.2654
2107,GISTEMP,1929-03,-0.34
2108,GCAG,1929-02,-0.5495
2109,GISTEMP,1929-02,-0.61
2110,GCAG,1929-01,-0.484
2111,GISTEMP,1929-01,-0.47
2112,GCAG,1928-12,-0.1713
2113,GISTEMP,1928-12,-0.2
2114,GCAG,1928-11,-0.0679
2115,GISTEMP,1928-11,-0.09
2116,GCAG,1928-10,-0.1256
2117,GISTEMP,1928-10,-0.19
2118,GCAG,1928-09,-0.1904
2119,GISTEMP,1928-09,-0.2
2120,GCAG,1928-08,-0.1997
2121,GISTEMP,1928-08,-0.25
2122,GCAG,1928-07,-0.1773
2123,GISTEMP,1928-07,-0.21
2124,GCAG,1928-06,-0.2777
2125,GISTEMP,1928-06,-0.41
2126,GCAG,1928-05,-0.1866
2127,GISTEMP,1928-05,-0.3
2128,GCAG,1928-04,-0.2444
2129,GISTEMP,1928-04,-0.29
2130,GCAG,1928-03,-0.263
2131,GISTEMP,1928-03,-0.28
2132,GCAG,1928-02,-0.145
2133,GISTEMP,1928-02,-0.12
2134,GCAG,1928-01,-0.08
2135,GISTEMP,1928-01,-0.04
2136,GCAG,1927-12,-0.3132
2137,GISTEMP,1927-12,-0.36
2138,GCAG,1927-11,-0.0397
2139,GISTEMP,1927-11,-0.04
2140,GCAG,1927-10,0.014
2141,GISTEMP,1927-10,-0.01
2142,GCAG,1927-09,-0.0275
2143,GISTEMP,1927-09,-0.06
2144,GCAG,1927-08,-0.1145
2145,GISTEMP,1927-08,-0.19
2146,GCAG,1927-07,-0.1035
2147,GISTEMP,1927-07,-0.15
2148,GCAG,1927-06,-0.2014
2149,GISTEMP,1927-06,-0.27
2150,GCAG,1927-05,-0.2286
2151,GISTEMP,1927-05,-0.25
2152,GCAG,1927-04,-0.2207
2153,GISTEMP,1927-04,-0.31
2154,GCAG,1927-03,-0.2563
2155,GISTEMP,1927-03,-0.39
2156,GCAG,1927-02,-0.1917
2157,GISTEMP,1927-02,-0.21
2158,GCAG,1927-01,-0.1723
2159,GISTEMP,1927-01,-0.28
2160,GCAG,1926-12,-0.2158
2161,GISTEMP,1926-12,-0.3
2162,GCAG,1926-11,-0.0784
2163,GISTEMP,1926-11,-0.06
2164,GCAG,1926-10,-0.084
2165,GISTEMP,1926-10,-0.11
2166,GCAG,1926-09,-0.1031
2167,GISTEMP,1926-09,-0.11
2168,GCAG,1926-08,-0.0882
2169,GISTEMP,1926-08,-0.11
2170,GCAG,1926-07,-0.1582
2171,GISTEMP,1926-07,-0.21
2172,GCAG,1926-06,-0.1224
2173,GISTEMP,1926-06,-0.25
2174,GCAG,1926-05,-0.1345
2175,GISTEMP,1926-05,-0.25
2176,GCAG,1926-04,-0.1389
2177,GISTEMP,1926-04,-0.15
2178,GCAG,1926-03,0.0756
2179,GISTEMP,1926-03,0.12
2180,GCAG,1926-02,0.0811
2181,GISTEMP,1926-02,0.07
2182,GCAG,1926-01,0.166
2183,GISTEMP,1926-01,0.2
2184,GCAG,1925-12,0.1358
2185,GISTEMP,1925-12,0.11
2186,GCAG,1925-11,0.0584
2187,GISTEMP,1925-11,0.03
2188,GCAG,1925-10,-0.1326
2189,GISTEMP,1925-10,-0.17
2190,GCAG,1925-09,-0.104
2191,GISTEMP,1925-09,-0.13
2192,GCAG,1925-08,-0.1374
2193,GISTEMP,1925-08,-0.19
2194,GCAG,1925-07,-0.2093
2195,GISTEMP,1925-07,-0.3
2196,GCAG,1925-06,-0.2291
2197,GISTEMP,1925-06,-0.34
2198,GCAG,1925-05,-0.2233
2199,GISTEMP,1925-05,-0.3
2200,GCAG,1925-04,-0.1633
2201,GISTEMP,1925-04,-0.25
2202,GCAG,1925-03,-0.1692
2203,GISTEMP,1925-03,-0.24
2204,GCAG,1925-02,-0.2783
2205,GISTEMP,1925-02,-0.35
2206,GCAG,1925-01,-0.3246
2207,GISTEMP,1925-01,-0.34
2208,GCAG,1924-12,-0.3912
2209,GISTEMP,1924-12,-0.43
2210,GCAG,1924-11,-0.2942
2211,GISTEMP,1924-11,-0.23
2212,GCAG,1924-10,-0.2879
2213,GISTEMP,1924-10,-0.36
2214,GCAG,1924-09,-0.2836
2215,GISTEMP,1924-09,-0.3
2216,GCAG,1924-08,-0.2895
2217,GISTEMP,1924-08,-0.35
2218,GCAG,1924-07,-0.2216
2219,GISTEMP,1924-07,-0.27
2220,GCAG,1924-06,-0.2259
2221,GISTEMP,1924-06,-0.28
2222,GCAG,1924-05,-0.1903
2223,GISTEMP,1924-05,-0.19
2224,GCAG,1924-04,-0.2466
2225,GISTEMP,1924-04,-0.35
2226,GCAG,1924-03,-0.113
2227,GISTEMP,1924-03,-0.12
2228,GCAG,1924-02,-0.1859
2229,GISTEMP,1924-02,-0.27
2230,GCAG,1924-01,-0.2536
2231,GISTEMP,1924-01,-0.24
2232,GCAG,1923-12,0.0001
2233,GISTEMP,1923-12,-0.06
2234,GCAG,1923-11,0.0285
2235,GISTEMP,1923-11,0.03
2236,GCAG,1923-10,-0.1619
2237,GISTEMP,1923-10,-0.13
2238,GCAG,1923-09,-0.2454
2239,GISTEMP,1923-09,-0.28
2240,GCAG,1923-08,-0.2824
2241,GISTEMP,1923-08,-0.3
2242,GCAG,1923-07,-0.282
2243,GISTEMP,1923-07,-0.29
2244,GCAG,1923-06,-0.1948
2245,GISTEMP,1923-06,-0.24
2246,GCAG,1923-05,-0.2488
2247,GISTEMP,1923-05,-0.33
2248,GCAG,1923-04,-0.3381
2249,GISTEMP,1923-04,-0.38
2250,GCAG,1923-03,-0.2697
2251,GISTEMP,1923-03,-0.32
2252,GCAG,1923-02,-0.3785
2253,GISTEMP,1923-02,-0.37
2254,GCAG,1923-01,-0.2143
2255,GISTEMP,1923-01,-0.27
2256,GCAG,1922-12,-0.1563
2257,GISTEMP,1922-12,-0.17
2258,GCAG,1922-11,-0.1929
2259,GISTEMP,1922-11,-0.17
2260,GCAG,1922-10,-0.2506
2261,GISTEMP,1922-10,-0.33
2262,GCAG,1922-09,-0.2525
2263,GISTEMP,1922-09,-0.29
2264,GCAG,1922-08,-0.2793
2265,GISTEMP,1922-08,-0.31
2266,GCAG,1922-07,-0.2615
2267,GISTEMP,1922-07,-0.27
2268,GCAG,1922-06,-0.282
2269,GISTEMP,1922-06,-0.32
2270,GCAG,1922-05,-0.2647
2271,GISTEMP,1922-05,-0.34
2272,GCAG,1922-04,-0.1301
2273,GISTEMP,1922-04,-0.22
2274,GCAG,1922-03,-0.0787
2275,GISTEMP,1922-03,-0.13
2276,GCAG,1922-02,-0.2945
2277,GISTEMP,1922-02,-0.44
2278,GCAG,1922-01,-0.3221
2279,GISTEMP,1922-01,-0.34
2280,GCAG,1921-12,-0.0822
2281,GISTEMP,1921-12,-0.18
2282,GCAG,1921-11,-0.1859
2283,GISTEMP,1921-11,-0.16
2284,GCAG,1921-10,-0.0662
2285,GISTEMP,1921-10,-0.06
2286,GCAG,1921-09,-0.1481
2287,GISTEMP,1921-09,-0.16
2288,GCAG,1921-08,-0.1964
2289,GISTEMP,1921-08,-0.24
2290,GCAG,1921-07,-0.1123
2291,GISTEMP,1921-07,-0.16
2292,GCAG,1921-06,-0.1665
2293,GISTEMP,1921-06,-0.31
2294,GCAG,1921-05,-0.1917
2295,GISTEMP,1921-05,-0.36
2296,GCAG,1921-04,-0.2059
2297,GISTEMP,1921-04,-0.36
2298,GCAG,1921-03,-0.2176
2299,GISTEMP,1921-03,-0.28
2300,GCAG,1921-02,-0.1494
2301,GISTEMP,1921-02,-0.21
2302,GCAG,1921-01,-0.0598
2303,GISTEMP,1921-01,-0.04
2304,GCAG,1920-12,-0.3886
2305,GISTEMP,1920-12,-0.47
2306,GCAG,1920-11,-0.251
2307,GISTEMP,1920-11,-0.33
2308,GCAG,1920-10,-0.2096
2309,GISTEMP,1920-10,-0.29
2310,GCAG,1920-09,-0.1755
2311,GISTEMP,1920-09,-0.2
2312,GCAG,1920-08,-0.2306
2313,GISTEMP,1920-08,-0.29
2314,GCAG,1920-07,-0.2436
2315,GISTEMP,1920-07,-0.32
2316,GCAG,1920-06,-0.2559
2317,GISTEMP,1920-06,-0.33
2318,GCAG,1920-05,-0.1682
2319,GISTEMP,1920-05,-0.26
2320,GCAG,1920-04,-0.2098
2321,GISTEMP,1920-04,-0.26
2322,GCAG,1920-03,-0.0583
2323,GISTEMP,1920-03,-0.08
2324,GCAG,1920-02,-0.2197
2325,GISTEMP,1920-02,-0.22
2326,GCAG,1920-01,-0.1157
2327,GISTEMP,1920-01,-0.15
2328,GCAG,1919-12,-0.298
2329,GISTEMP,1919-12,-0.35
2330,GCAG,1919-11,-0.3178
2331,GISTEMP,1919-11,-0.29
2332,GCAG,1919-10,-0.22
2333,GISTEMP,1919-10,-0.16
2334,GCAG,1919-09,-0.1833
2335,GISTEMP,1919-09,-0.17
2336,GCAG,1919-08,-0.2077
2337,GISTEMP,1919-08,-0.19
2338,GCAG,1919-07,-0.2155
2339,GISTEMP,1919-07,-0.21
2340,GCAG,1919-06,-0.2348
2341,GISTEMP,1919-06,-0.28
2342,GCAG,1919-05,-0.1837
2343,GISTEMP,1919-05,-0.2
2344,GCAG,1919-04,-0.0704
2345,GISTEMP,1919-04,-0.17
2346,GCAG,1919-03,-0.2393
2347,GISTEMP,1919-03,-0.25
2348,GCAG,1919-02,-0.053
2349,GISTEMP,1919-02,-0.19
2350,GCAG,1919-01,-0.2424
2351,GISTEMP,1919-01,-0.21
2352,GCAG,1918-12,-0.3195
2353,GISTEMP,1918-12,-0.3
2354,GCAG,1918-11,-0.1154
2355,GISTEMP,1918-11,-0.16
2356,GCAG,1918-10,-0.0998
2357,GISTEMP,1918-10,-0.03
2358,GCAG,1918-09,-0.1481
2359,GISTEMP,1918-09,-0.14
2360,GCAG,1918-08,-0.1777
2361,GISTEMP,1918-08,-0.26
2362,GCAG,1918-07,-0.2024
2363,GISTEMP,1918-07,-0.22
2364,GCAG,1918-06,-0.1829
2365,GISTEMP,1918-06,-0.28
2366,GCAG,1918-05,-0.276
2367,GISTEMP,1918-05,-0.37
2368,GCAG,1918-04,-0.2966
2369,GISTEMP,1918-04,-0.4
2370,GCAG,1918-03,-0.1783
2371,GISTEMP,1918-03,-0.21
2372,GCAG,1918-02,-0.2892
2373,GISTEMP,1918-02,-0.33
2374,GCAG,1918-01,-0.2146
2375,GISTEMP,1918-01,-0.44
2376,GCAG,1917-12,-0.5329
2377,GISTEMP,1917-12,-0.71
2378,GCAG,1917-11,-0.1348
2379,GISTEMP,1917-11,-0.29
2380,GCAG,1917-10,-0.2602
2381,GISTEMP,1917-10,-0.35
2382,GCAG,1917-09,-0.0635
2383,GISTEMP,1917-09,-0.18
2384,GCAG,1917-08,-0.1726
2385,GISTEMP,1917-08,-0.26
2386,GCAG,1917-07,-0.1721
2387,GISTEMP,1917-07,-0.23
2388,GCAG,1917-06,-0.3432
2389,GISTEMP,1917-06,-0.4
2390,GCAG,1917-05,-0.45
2391,GISTEMP,1917-05,-0.48
2392,GCAG,1917-04,-0.3146
2393,GISTEMP,1917-04,-0.38
2394,GCAG,1917-03,-0.4287
2395,GISTEMP,1917-03,-0.47
2396,GCAG,1917-02,-0.4721
2397,GISTEMP,1917-02,-0.53
2398,GCAG,1917-01,-0.4299
2399,GISTEMP,1917-01,-0.46
2400,GCAG,1916-12,-0.5742
2401,GISTEMP,1916-12,-0.78
2402,GCAG,1916-11,-0.3957
2403,GISTEMP,1916-11,-0.42
2404,GCAG,1916-10,-0.2651
2405,GISTEMP,1916-10,-0.28
2406,GCAG,1916-09,-0.2616
2407,GISTEMP,1916-09,-0.29
2408,GCAG,1916-08,-0.2743
2409,GISTEMP,1916-08,-0.27
2410,GCAG,1916-07,-0.2889
2411,GISTEMP,1916-07,-0.34
2412,GCAG,1916-06,-0.3834
2413,GISTEMP,1916-06,-0.44
2414,GCAG,1916-05,-0.2245
2415,GISTEMP,1916-05,-0.27
2416,GCAG,1916-04,-0.1978
2417,GISTEMP,1916-04,-0.25
2418,GCAG,1916-03,-0.2944
2419,GISTEMP,1916-03,-0.31
2420,GCAG,1916-02,-0.1759
2421,GISTEMP,1916-02,-0.23
2422,GCAG,1916-01,-0.1797
2423,GISTEMP,1916-01,-0.2
2424,GCAG,1915-12,-0.0503
2425,GISTEMP,1915-12,-0.25
2426,GCAG,1915-11,-0.0116
2427,GISTEMP,1915-11,-0.12
2428,GCAG,1915-10,-0.1722
2429,GISTEMP,1915-10,-0.22
2430,GCAG,1915-09,-0.1111
2431,GISTEMP,1915-09,-0.12
2432,GCAG,1915-08,-0.076
2433,GISTEMP,1915-08,-0.15
2434,GCAG,1915-07,-0.0284
2435,GISTEMP,1915-07,-0.03
2436,GCAG,1915-06,-0.0858
2437,GISTEMP,1915-06,-0.16
2438,GCAG,1915-05,-0.0685
2439,GISTEMP,1915-05,-0.01
2440,GCAG,1915-04,0.0215
2441,GISTEMP,1915-04,0.07
2442,GCAG,1915-03,-0.1011
2443,GISTEMP,1915-03,-0.08
2444,GCAG,1915-02,-0.0108
2445,GISTEMP,1915-02,-0.01
2446,GCAG,1915-01,-0.1374
2447,GISTEMP,1915-01,-0.2
2448,GCAG,1914-12,-0.0998
2449,GISTEMP,1914-12,-0.1
2450,GCAG,1914-11,-0.1202
2451,GISTEMP,1914-11,-0.2
2452,GCAG,1914-10,-0.0938
2453,GISTEMP,1914-10,-0.05
2454,GCAG,1914-09,-0.1781
2455,GISTEMP,1914-09,-0.13
2456,GCAG,1914-08,-0.1757
2457,GISTEMP,1914-08,-0.15
2458,GCAG,1914-07,-0.2095
2459,GISTEMP,1914-07,-0.24
2460,GCAG,1914-06,-0.1963
2461,GISTEMP,1914-06,-0.22
2462,GCAG,1914-05,-0.1647
2463,GISTEMP,1914-05,-0.19
2464,GCAG,1914-04,-0.2481
2465,GISTEMP,1914-04,-0.28
2466,GCAG,1914-03,-0.1633
2467,GISTEMP,1914-03,-0.23
2468,GCAG,1914-02,-0.1203
2469,GISTEMP,1914-02,-0.13
2470,GCAG,1914-01,0.0961
2471,GISTEMP,1914-01,0.02
2472,GCAG,1913-12,-0.0374
2473,GISTEMP,1913-12,-0.04
2474,GCAG,1913-11,-0.1371
2475,GISTEMP,1913-11,-0.18
2476,GCAG,1913-10,-0.3112
2477,GISTEMP,1913-10,-0.34
2478,GCAG,1913-09,-0.3562
2479,GISTEMP,1913-09,-0.32
2480,GCAG,1913-08,-0.328
2481,GISTEMP,1913-08,-0.32
2482,GCAG,1913-07,-0.3534
2483,GISTEMP,1913-07,-0.34
2484,GCAG,1913-06,-0.3779
2485,GISTEMP,1913-06,-0.46
2486,GCAG,1913-05,-0.394
2487,GISTEMP,1913-05,-0.45
2488,GCAG,1913-04,-0.3506
2489,GISTEMP,1913-04,-0.36
2490,GCAG,1913-03,-0.4077
2491,GISTEMP,1913-03,-0.44
2492,GCAG,1913-02,-0.3899
2493,GISTEMP,1913-02,-0.44
2494,GCAG,1913-01,-0.3513
2495,GISTEMP,1913-01,-0.41
2496,GCAG,1912-12,-0.3553
2497,GISTEMP,1912-12,-0.42
2498,GCAG,1912-11,-0.4122
2499,GISTEMP,1912-11,-0.38
2500,GCAG,1912-10,-0.5185
2501,GISTEMP,1912-10,-0.55
2502,GCAG,1912-09,-0.5056
2503,GISTEMP,1912-09,-0.47
2504,GCAG,1912-08,-0.4516
2505,GISTEMP,1912-08,-0.51
2506,GCAG,1912-07,-0.314
2507,GISTEMP,1912-07,-0.41
2508,GCAG,1912-06,-0.26
2509,GISTEMP,1912-06,-0.26
2510,GCAG,1912-05,-0.2257
2511,GISTEMP,1912-05,-0.2
2512,GCAG,1912-04,-0.2027
2513,GISTEMP,1912-04,-0.2
2514,GCAG,1912-03,-0.3123
2515,GISTEMP,1912-03,-0.37
2516,GCAG,1912-02,-0.1091
2517,GISTEMP,1912-02,-0.13
2518,GCAG,1912-01,-0.2791
2519,GISTEMP,1912-01,-0.27
2520,GCAG,1911-12,-0.2456
2521,GISTEMP,1911-12,-0.25
2522,GCAG,1911-11,-0.2571
2523,GISTEMP,1911-11,-0.2
2524,GCAG,1911-10,-0.3433
2525,GISTEMP,1911-10,-0.26
2526,GCAG,1911-09,-0.3983
2527,GISTEMP,1911-09,-0.38
2528,GCAG,1911-08,-0.4541
2529,GISTEMP,1911-08,-0.43
2530,GCAG,1911-07,-0.4658
2531,GISTEMP,1911-07,-0.41
2532,GCAG,1911-06,-0.4443
2533,GISTEMP,1911-06,-0.47
2534,GCAG,1911-05,-0.4775
2535,GISTEMP,1911-05,-0.51
2536,GCAG,1911-04,-0.5099
2537,GISTEMP,1911-04,-0.55
2538,GCAG,1911-03,-0.5697
2539,GISTEMP,1911-03,-0.62
2540,GCAG,1911-02,-0.5265
2541,GISTEMP,1911-02,-0.6
2542,GCAG,1911-01,-0.5067
2543,GISTEMP,1911-01,-0.64
2544,GCAG,1910-12,-0.5626
2545,GISTEMP,1910-12,-0.69
2546,GCAG,1910-11,-0.4956
2547,GISTEMP,1910-11,-0.56
2548,GCAG,1910-10,-0.4199
2549,GISTEMP,1910-10,-0.39
2550,GCAG,1910-09,-0.3322
2551,GISTEMP,1910-09,-0.37
2552,GCAG,1910-08,-0.3325
2553,GISTEMP,1910-08,-0.34
2554,GCAG,1910-07,-0.3264
2555,GISTEMP,1910-07,-0.31
2556,GCAG,1910-06,-0.3525
2557,GISTEMP,1910-06,-0.36
2558,GCAG,1910-05,-0.2999
2559,GISTEMP,1910-05,-0.34
2560,GCAG,1910-04,-0.339
2561,GISTEMP,1910-04,-0.39
2562,GCAG,1910-03,-0.4202
2563,GISTEMP,1910-03,-0.47
2564,GCAG,1910-02,-0.3627
2565,GISTEMP,1910-02,-0.43
2566,GCAG,1910-01,-0.3035
2567,GISTEMP,1910-01,-0.44
2568,GCAG,1909-12,-0.4071
2569,GISTEMP,1909-12,-0.55
2570,GCAG,1909-11,-0.2733
2571,GISTEMP,1909-11,-0.31
2572,GCAG,1909-10,-0.3935
2573,GISTEMP,1909-10,-0.39
2574,GCAG,1909-09,-0.3611
2575,GISTEMP,1909-09,-0.37
2576,GCAG,1909-08,-0.3052
2577,GISTEMP,1909-08,-0.3
2578,GCAG,1909-07,-0.435
2579,GISTEMP,1909-07,-0.43
2580,GCAG,1909-06,-0.4145
2581,GISTEMP,1909-06,-0.52
2582,GCAG,1909-05,-0.4512
2583,GISTEMP,1909-05,-0.54
2584,GCAG,1909-04,-0.5264
2585,GISTEMP,1909-04,-0.59
2586,GCAG,1909-03,-0.5399
2587,GISTEMP,1909-03,-0.52
2588,GCAG,1909-02,-0.4563
2589,GISTEMP,1909-02,-0.47
2590,GCAG,1909-01,-0.5499
2591,GISTEMP,1909-01,-0.7
2592,GCAG,1908-12,-0.3846
2593,GISTEMP,1908-12,-0.5
2594,GCAG,1908-11,-0.4833
2595,GISTEMP,1908-11,-0.51
2596,GCAG,1908-10,-0.5169
2597,GISTEMP,1908-10,-0.43
2598,GCAG,1908-09,-0.3973
2599,GISTEMP,1908-09,-0.33
2600,GCAG,1908-08,-0.4787
2601,GISTEMP,1908-08,-0.45
2602,GCAG,1908-07,-0.3874
2603,GISTEMP,1908-07,-0.35
2604,GCAG,1908-06,-0.4062
2605,GISTEMP,1908-06,-0.39
2606,GCAG,1908-05,-0.3982
2607,GISTEMP,1908-05,-0.4
2608,GCAG,1908-04,-0.4832
2609,GISTEMP,1908-04,-0.46
2610,GCAG,1908-03,-0.6041
2611,GISTEMP,1908-03,-0.58
2612,GCAG,1908-02,-0.3753
2613,GISTEMP,1908-02,-0.36
2614,GCAG,1908-01,-0.36
2615,GISTEMP,1908-01,-0.46
2616,GCAG,1907-12,-0.3922
2617,GISTEMP,1907-12,-0.5
2618,GCAG,1907-11,-0.5055
2619,GISTEMP,1907-11,-0.51
2620,GCAG,1907-10,-0.3047
2621,GISTEMP,1907-10,-0.24
2622,GCAG,1907-09,-0.3364
2623,GISTEMP,1907-09,-0.32
2624,GCAG,1907-08,-0.3378
2625,GISTEMP,1907-08,-0.37
2626,GCAG,1907-07,-0.3547
2627,GISTEMP,1907-07,-0.35
2628,GCAG,1907-06,-0.3742
2629,GISTEMP,1907-06,-0.43
2630,GCAG,1907-05,-0.4669
2631,GISTEMP,1907-05,-0.46
2632,GCAG,1907-04,-0.3508
2633,GISTEMP,1907-04,-0.4
2634,GCAG,1907-03,-0.276
2635,GISTEMP,1907-03,-0.25
2636,GCAG,1907-02,-0.4038
2637,GISTEMP,1907-02,-0.53
2638,GCAG,1907-01,-0.3443
2639,GISTEMP,1907-01,-0.44
2640,GCAG,1906-12,-0.165
2641,GISTEMP,1906-12,-0.18
2642,GCAG,1906-11,-0.3676
2643,GISTEMP,1906-11,-0.38
2644,GCAG,1906-10,-0.2809
2645,GISTEMP,1906-10,-0.2
2646,GCAG,1906-09,-0.3053
2647,GISTEMP,1906-09,-0.25
2648,GCAG,1906-08,-0.2362
2649,GISTEMP,1906-08,-0.19
2650,GCAG,1906-07,-0.2467
2651,GISTEMP,1906-07,-0.27
2652,GCAG,1906-06,-0.1768
2653,GISTEMP,1906-06,-0.22
2654,GCAG,1906-05,-0.2166
2655,GISTEMP,1906-05,-0.21
2656,GCAG,1906-04,-0.0514
2657,GISTEMP,1906-04,-0.02
2658,GCAG,1906-03,-0.1484
2659,GISTEMP,1906-03,-0.15
2660,GCAG,1906-02,-0.2379
2661,GISTEMP,1906-02,-0.34
2662,GCAG,1906-01,-0.1755
2663,GISTEMP,1906-01,-0.31
2664,GCAG,1905-12,-0.1334
2665,GISTEMP,1905-12,-0.21
2666,GCAG,1905-11,-0.0916
2667,GISTEMP,1905-11,-0.08
2668,GCAG,1905-10,-0.296
2669,GISTEMP,1905-10,-0.23
2670,GCAG,1905-09,-0.2239
2671,GISTEMP,1905-09,-0.15
2672,GCAG,1905-08,-0.2275
2673,GISTEMP,1905-08,-0.21
2674,GCAG,1905-07,-0.1918
2675,GISTEMP,1905-07,-0.25
2676,GCAG,1905-06,-0.2503
2677,GISTEMP,1905-06,-0.31
2678,GCAG,1905-05,-0.2879
2679,GISTEMP,1905-05,-0.33
2680,GCAG,1905-04,-0.4481
2681,GISTEMP,1905-04,-0.36
2682,GCAG,1905-03,-0.394
2683,GISTEMP,1905-03,-0.25
2684,GCAG,1905-02,-0.6187
2685,GISTEMP,1905-02,-0.59
2686,GCAG,1905-01,-0.354
2687,GISTEMP,1905-01,-0.38
2688,GCAG,1904-12,-0.2414
2689,GISTEMP,1904-12,-0.29
2690,GCAG,1904-11,-0.1686
2691,GISTEMP,1904-11,-0.16
2692,GCAG,1904-10,-0.4066
2693,GISTEMP,1904-10,-0.35
2694,GCAG,1904-09,-0.4632
2695,GISTEMP,1904-09,-0.47
2696,GCAG,1904-08,-0.4314
2697,GISTEMP,1904-08,-0.43
2698,GCAG,1904-07,-0.4597
2699,GISTEMP,1904-07,-0.48
2700,GCAG,1904-06,-0.4403
2701,GISTEMP,1904-06,-0.49
2702,GCAG,1904-05,-0.4282
2703,GISTEMP,1904-05,-0.5
2704,GCAG,1904-04,-0.4717
2705,GISTEMP,1904-04,-0.5
2706,GCAG,1904-03,-0.5129
2707,GISTEMP,1904-03,-0.46
2708,GCAG,1904-02,-0.467
2709,GISTEMP,1904-02,-0.55
2710,GCAG,1904-01,-0.5416
2711,GISTEMP,1904-01,-0.64
2712,GCAG,1903-12,-0.3861
2713,GISTEMP,1903-12,-0.47
2714,GCAG,1903-11,-0.395
2715,GISTEMP,1903-11,-0.38
2716,GCAG,1903-10,-0.4357
2717,GISTEMP,1903-10,-0.42
2718,GCAG,1903-09,-0.3756
2719,GISTEMP,1903-09,-0.43
2720,GCAG,1903-08,-0.4296
2721,GISTEMP,1903-08,-0.44
2722,GCAG,1903-07,-0.334
2723,GISTEMP,1903-07,-0.3
2724,GCAG,1903-06,-0.3759
2725,GISTEMP,1903-06,-0.44
2726,GCAG,1903-05,-0.3912
2727,GISTEMP,1903-05,-0.41
2728,GCAG,1903-04,-0.354
2729,GISTEMP,1903-04,-0.39
2730,GCAG,1903-03,-0.2755
2731,GISTEMP,1903-03,-0.23
2732,GCAG,1903-02,-0.08
2733,GISTEMP,1903-02,-0.06
2734,GCAG,1903-01,-0.2101
2735,GISTEMP,1903-01,-0.27
2736,GCAG,1902-12,-0.3592
2737,GISTEMP,1902-12,-0.46
2738,GCAG,1902-11,-0.343
2739,GISTEMP,1902-11,-0.36
2740,GCAG,1902-10,-0.2821
2741,GISTEMP,1902-10,-0.27
2742,GCAG,1902-09,-0.2315
2743,GISTEMP,1902-09,-0.2
2744,GCAG,1902-08,-0.2643
2745,GISTEMP,1902-08,-0.28
2746,GCAG,1902-07,-0.2902
2747,GISTEMP,1902-07,-0.26
2748,GCAG,1902-06,-0.3324
2749,GISTEMP,1902-06,-0.34
2750,GCAG,1902-05,-0.2616
2751,GISTEMP,1902-05,-0.31
2752,GCAG,1902-04,-0.2697
2753,GISTEMP,1902-04,-0.27
2754,GCAG,1902-03,-0.1954
2755,GISTEMP,1902-03,-0.29
2756,GCAG,1902-02,-0.0409
2757,GISTEMP,1902-02,-0.03
2758,GCAG,1902-01,-0.0856
2759,GISTEMP,1902-01,-0.19
2760,GCAG,1901-12,-0.2372
2761,GISTEMP,1901-12,-0.3
2762,GCAG,1901-11,-0.1425
2763,GISTEMP,1901-11,-0.17
2764,GCAG,1901-10,-0.2786
2765,GISTEMP,1901-10,-0.29
2766,GCAG,1901-09,-0.2059
2767,GISTEMP,1901-09,-0.17
2768,GCAG,1901-08,-0.1299
2769,GISTEMP,1901-08,-0.13
2770,GCAG,1901-07,-0.1563
2771,GISTEMP,1901-07,-0.09
2772,GCAG,1901-06,-0.1273
2773,GISTEMP,1901-06,-0.1
2774,GCAG,1901-05,-0.1248
2775,GISTEMP,1901-05,-0.18
2776,GCAG,1901-04,-0.0646
2777,GISTEMP,1901-04,-0.06
2778,GCAG,1901-03,-0.0327
2779,GISTEMP,1901-03,0.05
2780,GCAG,1901-02,-0.0741
2781,GISTEMP,1901-02,-0.05
2782,GCAG,1901-01,-0.1259
2783,GISTEMP,1901-01,-0.3
2784,GCAG,1900-12,0.032
2785,GISTEMP,1900-12,-0.14
2786,GCAG,1900-11,-0.1345
2787,GISTEMP,1900-11,-0.13
2788,GCAG,1900-10,0.0464
2789,GISTEMP,1900-10,0.08
2790,GCAG,1900-09,-0.06
2791,GISTEMP,1900-09,0.01
2792,GCAG,1900-08,-0.0708
2793,GISTEMP,1900-08,-0.04
2794,GCAG,1900-07,-0.0728
2795,GISTEMP,1900-07,-0.09
2796,GCAG,1900-06,-0.045
2797,GISTEMP,1900-06,-0.15
2798,GCAG,1900-05,-0.0371
2799,GISTEMP,1900-05,-0.06
2800,GCAG,1900-04,-0.0985
2801,GISTEMP,1900-04,-0.14
2802,GCAG,1900-03,-0.0402
2803,GISTEMP,1900-03,0.02
2804,GCAG,1900-02,-0.0934
2805,GISTEMP,1900-02,-0.08
2806,GCAG,1900-01,-0.2404
2807,GISTEMP,1900-01,-0.4
2808,GCAG,1899-12,-0.1656
2809,GISTEMP,1899-12,-0.27
2810,GCAG,1899-11,0.1523
2811,GISTEMP,1899-11,0.12
2812,GCAG,1899-10,-0.0241
2813,GISTEMP,1899-10,0.0
2814,GCAG,1899-09,-0.0307
2815,GISTEMP,1899-09,0.0
2816,GCAG,1899-08,-0.0664
2817,GISTEMP,1899-08,-0.04
2818,GCAG,1899-07,-0.1259
2819,GISTEMP,1899-07,-0.13
2820,GCAG,1899-06,-0.1977
2821,GISTEMP,1899-06,-0.26
2822,GCAG,1899-05,-0.1203
2823,GISTEMP,1899-05,-0.2
2824,GCAG,1899-04,-0.1946
2825,GISTEMP,1899-04,-0.21
2826,GCAG,1899-03,-0.2549
2827,GISTEMP,1899-03,-0.35
2828,GCAG,1899-02,-0.2787
2829,GISTEMP,1899-02,-0.39
2830,GCAG,1899-01,-0.1005
2831,GISTEMP,1899-01,-0.18
2832,GCAG,1898-12,-0.0073
2833,GISTEMP,1898-12,-0.22
2834,GCAG,1898-11,-0.2417
2835,GISTEMP,1898-11,-0.35
2836,GCAG,1898-10,-0.3234
2837,GISTEMP,1898-10,-0.32
2838,GCAG,1898-09,-0.1968
2839,GISTEMP,1898-09,-0.19
2840,GCAG,1898-08,-0.2306
2841,GISTEMP,1898-08,-0.22
2842,GCAG,1898-07,-0.2426
2843,GISTEMP,1898-07,-0.22
2844,GCAG,1898-06,-0.2078
2845,GISTEMP,1898-06,-0.2
2846,GCAG,1898-05,-0.2887
2847,GISTEMP,1898-05,-0.35
2848,GCAG,1898-04,-0.3467
2849,GISTEMP,1898-04,-0.33
2850,GCAG,1898-03,-0.6515
2851,GISTEMP,1898-03,-0.55
2852,GCAG,1898-02,-0.2785
2853,GISTEMP,1898-02,-0.34
2854,GCAG,1898-01,-0.0399
2855,GISTEMP,1898-01,-0.06
2856,GCAG,1897-12,-0.2989
2857,GISTEMP,1897-12,-0.26
2858,GCAG,1897-11,-0.2619
2859,GISTEMP,1897-11,-0.18
2860,GCAG,1897-10,-0.1608
2861,GISTEMP,1897-10,-0.1
2862,GCAG,1897-09,-0.0247
2863,GISTEMP,1897-09,-0.04
2864,GCAG,1897-08,-0.0735
2865,GISTEMP,1897-08,-0.03
2866,GCAG,1897-07,-0.0401
2867,GISTEMP,1897-07,-0.04
2868,GCAG,1897-06,-0.1
2869,GISTEMP,1897-06,-0.12
2870,GCAG,1897-05,-0.0256
2871,GISTEMP,1897-05,0.0
2872,GCAG,1897-04,-0.0032
2873,GISTEMP,1897-04,-0.01
2874,GCAG,1897-03,-0.1863
2875,GISTEMP,1897-03,-0.12
2876,GCAG,1897-02,-0.1086
2877,GISTEMP,1897-02,-0.19
2878,GCAG,1897-01,-0.1857
2879,GISTEMP,1897-01,-0.22
2880,GCAG,1896-12,0.049
2881,GISTEMP,1896-12,-0.12
2882,GCAG,1896-11,-0.1659
2883,GISTEMP,1896-11,-0.16
2884,GCAG,1896-10,-0.0056
2885,GISTEMP,1896-10,0.04
2886,GCAG,1896-09,-0.0679
2887,GISTEMP,1896-09,-0.05
2888,GCAG,1896-08,-0.0723
2889,GISTEMP,1896-08,-0.09
2890,GCAG,1896-07,-0.0509
2891,GISTEMP,1896-07,-0.06
2892,GCAG,1896-06,-0.0925
2893,GISTEMP,1896-06,-0.13
2894,GCAG,1896-05,-0.1042
2895,GISTEMP,1896-05,-0.19
2896,GCAG,1896-04,-0.266
2897,GISTEMP,1896-04,-0.33
2898,GCAG,1896-03,-0.2079
2899,GISTEMP,1896-03,-0.29
2900,GCAG,1896-02,-0.0789
2901,GISTEMP,1896-02,-0.15
2902,GCAG,1896-01,-0.1056
2903,GISTEMP,1896-01,-0.23
2904,GCAG,1895-12,-0.069
2905,GISTEMP,1895-12,-0.12
2906,GCAG,1895-11,-0.1602
2907,GISTEMP,1895-11,-0.15
2908,GCAG,1895-10,-0.1317
2909,GISTEMP,1895-10,-0.11
2910,GCAG,1895-09,-0.1329
2911,GISTEMP,1895-09,-0.02
2912,GCAG,1895-08,-0.2243
2913,GISTEMP,1895-08,-0.16
2914,GCAG,1895-07,-0.201
2915,GISTEMP,1895-07,-0.16
2916,GCAG,1895-06,-0.2938
2917,GISTEMP,1895-06,-0.25
2918,GCAG,1895-05,-0.2076
2919,GISTEMP,1895-05,-0.23
2920,GCAG,1895-04,-0.1868
2921,GISTEMP,1895-04,-0.23
2922,GCAG,1895-03,-0.2879
2923,GISTEMP,1895-03,-0.3
2924,GCAG,1895-02,-0.4136
2925,GISTEMP,1895-02,-0.42
2926,GCAG,1895-01,-0.4389
2927,GISTEMP,1895-01,-0.44
2928,GCAG,1894-12,-0.2412
2929,GISTEMP,1894-12,-0.22
2930,GCAG,1894-11,-0.2979
2931,GISTEMP,1894-11,-0.25
2932,GCAG,1894-10,-0.2135
2933,GISTEMP,1894-10,-0.17
2934,GCAG,1894-09,-0.2531
2935,GISTEMP,1894-09,-0.23
2936,GCAG,1894-08,-0.2735
2937,GISTEMP,1894-08,-0.29
2938,GCAG,1894-07,-0.2738
2939,GISTEMP,1894-07,-0.32
2940,GCAG,1894-06,-0.3487
2941,GISTEMP,1894-06,-0.43
2942,GCAG,1894-05,-0.3018
2943,GISTEMP,1894-05,-0.3
2944,GCAG,1894-04,-0.3023
2945,GISTEMP,1894-04,-0.41
2946,GCAG,1894-03,-0.2064
2947,GISTEMP,1894-03,-0.2
2948,GCAG,1894-02,-0.2215
2949,GISTEMP,1894-02,-0.31
2950,GCAG,1894-01,-0.436
2951,GISTEMP,1894-01,-0.55
2952,GCAG,1893-12,-0.2452
2953,GISTEMP,1893-12,-0.38
2954,GCAG,1893-11,-0.1657
2955,GISTEMP,1893-11,-0.17
2956,GCAG,1893-10,-0.2099
2957,GISTEMP,1893-10,-0.16
2958,GCAG,1893-09,-0.2587
2959,GISTEMP,1893-09,-0.18
2960,GCAG,1893-08,-0.3281
2961,GISTEMP,1893-08,-0.24
2962,GCAG,1893-07,-0.2018
2963,GISTEMP,1893-07,-0.14
2964,GCAG,1893-06,-0.2405
2965,GISTEMP,1893-06,-0.24
2966,GCAG,1893-05,-0.3421
2967,GISTEMP,1893-05,-0.35
2968,GCAG,1893-04,-0.35
2969,GISTEMP,1893-04,-0.32
2970,GCAG,1893-03,-0.2218
2971,GISTEMP,1893-03,-0.24
2972,GCAG,1893-02,-0.6107
2973,GISTEMP,1893-02,-0.51
2974,GCAG,1893-01,-0.6796
2975,GISTEMP,1893-01,-0.69
2976,GCAG,1892-12,-0.4708
2977,GISTEMP,1892-12,-0.29
2978,GCAG,1892-11,-0.4728
2979,GISTEMP,1892-11,-0.49
2980,GCAG,1892-10,-0.2464
2981,GISTEMP,1892-10,-0.17
2982,GCAG,1892-09,-0.2198
2983,GISTEMP,1892-09,-0.25
2984,GCAG,1892-08,-0.3279
2985,GISTEMP,1892-08,-0.2
2986,GCAG,1892-07,-0.3497
2987,GISTEMP,1892-07,-0.28
2988,GCAG,1892-06,-0.2831
2989,GISTEMP,1892-06,-0.2
2990,GCAG,1892-05,-0.3081
2991,GISTEMP,1892-05,-0.25
2992,GCAG,1892-04,-0.3203
2993,GISTEMP,1892-04,-0.35
2994,GCAG,1892-03,-0.3032
2995,GISTEMP,1892-03,-0.36
2996,GCAG,1892-02,-0.1353
2997,GISTEMP,1892-02,-0.15
2998,GCAG,1892-01,-0.2372
2999,GISTEMP,1892-01,-0.26
3000,GCAG,1891-12,-0.0421
3001,GISTEMP,1891-12,-0.03
3002,GCAG,1891-11,-0.3968
3003,GISTEMP,1891-11,-0.37
3004,GCAG,1891-10,-0.2861
3005,GISTEMP,1891-10,-0.24
3006,GCAG,1891-09,-0.1514
3007,GISTEMP,1891-09,-0.13
3008,GCAG,1891-08,-0.2313
3009,GISTEMP,1891-08,-0.21
3010,GCAG,1891-07,-0.2264
3011,GISTEMP,1891-07,-0.22
3012,GCAG,1891-06,-0.2023
3013,GISTEMP,1891-06,-0.22
3014,GCAG,1891-05,-0.1374
3015,GISTEMP,1891-05,-0.17
3016,GCAG,1891-04,-0.2523
3017,GISTEMP,1891-04,-0.25
3018,GCAG,1891-03,-0.212
3019,GISTEMP,1891-03,-0.15
3020,GCAG,1891-02,-0.5228
3021,GISTEMP,1891-02,-0.49
3022,GCAG,1891-01,-0.3772
3023,GISTEMP,1891-01,-0.46
3024,GCAG,1890-12,-0.2302
3025,GISTEMP,1890-12,-0.3
3026,GCAG,1890-11,-0.3419
3027,GISTEMP,1890-11,-0.37
3028,GCAG,1890-10,-0.2941
3029,GISTEMP,1890-10,-0.23
3030,GCAG,1890-09,-0.3508
3031,GISTEMP,1890-09,-0.36
3032,GCAG,1890-08,-0.3257
3033,GISTEMP,1890-08,-0.36
3034,GCAG,1890-07,-0.2802
3035,GISTEMP,1890-07,-0.3
3036,GCAG,1890-06,-0.2875
3037,GISTEMP,1890-06,-0.27
3038,GCAG,1890-05,-0.3892
3039,GISTEMP,1890-05,-0.48
3040,GCAG,1890-04,-0.2588
3041,GISTEMP,1890-04,-0.38
3042,GCAG,1890-03,-0.3189
3043,GISTEMP,1890-03,-0.41
3044,GCAG,1890-02,-0.4268
3045,GISTEMP,1890-02,-0.48
3046,GCAG,1890-01,-0.3594
3047,GISTEMP,1890-01,-0.48
3048,GCAG,1889-12,-0.175
3049,GISTEMP,1889-12,-0.31
3050,GCAG,1889-11,-0.2769
3051,GISTEMP,1889-11,-0.32
3052,GCAG,1889-10,-0.1913
3053,GISTEMP,1889-10,-0.22
3054,GCAG,1889-09,-0.2264
3055,GISTEMP,1889-09,-0.18
3056,GCAG,1889-08,-0.137
3057,GISTEMP,1889-08,-0.18
3058,GCAG,1889-07,-0.1604
3059,GISTEMP,1889-07,-0.05
3060,GCAG,1889-06,-0.0698
3061,GISTEMP,1889-06,-0.12
3062,GCAG,1889-05,-0.0326
3063,GISTEMP,1889-05,-0.03
3064,GCAG,1889-04,0.0496
3065,GISTEMP,1889-04,0.04
3066,GCAG,1889-03,0.1207
3067,GISTEMP,1889-03,0.04
3068,GCAG,1889-02,0.0152
3069,GISTEMP,1889-02,0.14
3070,GCAG,1889-01,-0.0944
3071,GISTEMP,1889-01,-0.21
3072,GCAG,1888-12,0.0445
3073,GISTEMP,1888-12,-0.12
3074,GCAG,1888-11,-0.0418
3075,GISTEMP,1888-11,0.0
3076,GCAG,1888-10,0.019
3077,GISTEMP,1888-10,0.01
3078,GCAG,1888-09,-0.069
3079,GISTEMP,1888-09,-0.07
3080,GCAG,1888-08,-0.1633
3081,GISTEMP,1888-08,-0.11
3082,GCAG,1888-07,-0.1149
3083,GISTEMP,1888-07,-0.1
3084,GCAG,1888-06,-0.0943
3085,GISTEMP,1888-06,-0.2
3086,GCAG,1888-05,-0.1561
3087,GISTEMP,1888-05,-0.22
3088,GCAG,1888-04,-0.1761
3089,GISTEMP,1888-04,-0.28
3090,GCAG,1888-03,-0.2974
3091,GISTEMP,1888-03,-0.47
3092,GCAG,1888-02,-0.3288
3093,GISTEMP,1888-02,-0.43
3094,GCAG,1888-01,-0.3871
3095,GISTEMP,1888-01,-0.43
3096,GCAG,1887-12,-0.1988
3097,GISTEMP,1887-12,-0.38
3098,GCAG,1887-11,-0.1572
3099,GISTEMP,1887-11,-0.25
3100,GCAG,1887-10,-0.2995
3101,GISTEMP,1887-10,-0.32
3102,GCAG,1887-09,-0.1827
3103,GISTEMP,1887-09,-0.19
3104,GCAG,1887-08,-0.3148
3105,GISTEMP,1887-08,-0.28
3106,GCAG,1887-07,-0.2707
3107,GISTEMP,1887-07,-0.19
3108,GCAG,1887-06,-0.2149
3109,GISTEMP,1887-06,-0.21
3110,GCAG,1887-05,-0.239
3111,GISTEMP,1887-05,-0.33
3112,GCAG,1887-04,-0.1899
3113,GISTEMP,1887-04,-0.37
3114,GCAG,1887-03,-0.1655
3115,GISTEMP,1887-03,-0.32
3116,GCAG,1887-02,-0.3745
3117,GISTEMP,1887-02,-0.48
3118,GCAG,1887-01,-0.3792
3119,GISTEMP,1887-01,-0.66
3120,GCAG,1886-12,-0.163
3121,GISTEMP,1886-12,-0.25
3122,GCAG,1886-11,-0.1952
3123,GISTEMP,1886-11,-0.26
3124,GCAG,1886-10,-0.2261
3125,GISTEMP,1886-10,-0.25
3126,GCAG,1886-09,-0.1969
3127,GISTEMP,1886-09,-0.19
3128,GCAG,1886-08,-0.2146
3129,GISTEMP,1886-08,-0.31
3130,GCAG,1886-07,-0.1599
3131,GISTEMP,1886-07,-0.16
3132,GCAG,1886-06,-0.2468
3133,GISTEMP,1886-06,-0.39
3134,GCAG,1886-05,-0.1573
3135,GISTEMP,1886-05,-0.27
3136,GCAG,1886-04,-0.1679
3137,GISTEMP,1886-04,-0.29
3138,GCAG,1886-03,-0.2823
3139,GISTEMP,1886-03,-0.41
3140,GCAG,1886-02,-0.2795
3141,GISTEMP,1886-02,-0.46
3142,GCAG,1886-01,-0.1143
3143,GISTEMP,1886-01,-0.43
3144,GCAG,1885-12,0.05
3145,GISTEMP,1885-12,-0.07
3146,GCAG,1885-11,-0.1262
3147,GISTEMP,1885-11,-0.22
3148,GCAG,1885-10,-0.1289
3149,GISTEMP,1885-10,-0.2
3150,GCAG,1885-09,-0.1963
3151,GISTEMP,1885-09,-0.19
3152,GCAG,1885-08,-0.2407
3153,GISTEMP,1885-08,-0.27
3154,GCAG,1885-07,-0.2375
3155,GISTEMP,1885-07,-0.29
3156,GCAG,1885-06,-0.3052
3157,GISTEMP,1885-06,-0.5
3158,GCAG,1885-05,-0.2787
3159,GISTEMP,1885-05,-0.42
3160,GCAG,1885-04,-0.2564
3161,GISTEMP,1885-04,-0.45
3162,GCAG,1885-03,-0.1473
3163,GISTEMP,1885-03,-0.24
3164,GCAG,1885-02,-0.2558
3165,GISTEMP,1885-02,-0.3
3166,GCAG,1885-01,-0.4267
3167,GISTEMP,1885-01,-0.66
3168,GCAG,1884-12,-0.144
3169,GISTEMP,1884-12,-0.3
3170,GCAG,1884-11,-0.2692
3171,GISTEMP,1884-11,-0.3
3172,GCAG,1884-10,-0.1695
3173,GISTEMP,1884-10,-0.22
3174,GCAG,1884-09,-0.2238
3175,GISTEMP,1884-09,-0.24
3176,GCAG,1884-08,-0.2698
3177,GISTEMP,1884-08,-0.27
3178,GCAG,1884-07,-0.2985
3179,GISTEMP,1884-07,-0.35
3180,GCAG,1884-06,-0.1939
3181,GISTEMP,1884-06,-0.38
3182,GCAG,1884-05,-0.1282
3183,GISTEMP,1884-05,-0.32
3184,GCAG,1884-04,-0.1809
3185,GISTEMP,1884-04,-0.36
3186,GCAG,1884-03,-0.2061
3187,GISTEMP,1884-03,-0.36
3188,GCAG,1884-02,-0.143
3189,GISTEMP,1884-02,-0.13
3190,GCAG,1884-01,-0.1843
3191,GISTEMP,1884-01,-0.18
3192,GCAG,1883-12,-0.0738
3193,GISTEMP,1883-12,-0.19
3194,GCAG,1883-11,-0.1683
3195,GISTEMP,1883-11,-0.21
3196,GCAG,1883-10,-0.1612
3197,GISTEMP,1883-10,-0.12
3198,GCAG,1883-09,-0.1467
3199,GISTEMP,1883-09,-0.19
3200,GCAG,1883-08,-0.0526
3201,GISTEMP,1883-08,-0.14
3202,GCAG,1883-07,-0.0849
3203,GISTEMP,1883-07,-0.09
3204,GCAG,1883-06,-0.0066
3205,GISTEMP,1883-06,-0.13
3206,GCAG,1883-05,-0.1455
3207,GISTEMP,1883-05,-0.26
3208,GCAG,1883-04,-0.1746
3209,GISTEMP,1883-04,-0.25
3210,GCAG,1883-03,-0.1326
3211,GISTEMP,1883-03,-0.18
3212,GCAG,1883-02,-0.2915
3213,GISTEMP,1883-02,-0.42
3214,GCAG,1883-01,-0.2707
3215,GISTEMP,1883-01,-0.34
3216,GCAG,1882-12,-0.1705
3217,GISTEMP,1882-12,-0.25
3218,GCAG,1882-11,-0.1279
3219,GISTEMP,1882-11,-0.21
3220,GCAG,1882-10,-0.2101
3221,GISTEMP,1882-10,-0.23
3222,GCAG,1882-09,0.0077
3223,GISTEMP,1882-09,-0.01
3224,GCAG,1882-08,-0.0037
3225,GISTEMP,1882-08,0.03
3226,GCAG,1882-07,-0.0666
3227,GISTEMP,1882-07,-0.11
3228,GCAG,1882-06,-0.1391
3229,GISTEMP,1882-06,-0.25
3230,GCAG,1882-05,-0.1459
3231,GISTEMP,1882-05,-0.18
3232,GCAG,1882-04,-0.1241
3233,GISTEMP,1882-04,-0.2
3234,GCAG,1882-03,0.0754
3235,GISTEMP,1882-03,0.01
3236,GCAG,1882-02,0.0385
3237,GISTEMP,1882-02,0.08
3238,GCAG,1882-01,0.0883
3239,GISTEMP,1882-01,0.09
3240,GCAG,1881-12,-0.0439
3241,GISTEMP,1881-12,-0.16
3242,GCAG,1881-11,-0.2194
3243,GISTEMP,1881-11,-0.26
3244,GCAG,1881-10,-0.2207
3245,GISTEMP,1881-10,-0.2
3246,GCAG,1881-09,-0.1824
3247,GISTEMP,1881-09,-0.09
3248,GCAG,1881-08,-0.0519
3249,GISTEMP,1881-08,-0.03
3250,GCAG,1881-07,-0.0329
3251,GISTEMP,1881-07,-0.07
3252,GCAG,1881-06,-0.0892
3253,GISTEMP,1881-06,-0.28
3254,GCAG,1881-05,0.0284
3255,GISTEMP,1881-05,-0.04
3256,GCAG,1881-04,0.0734
3257,GISTEMP,1881-04,-0.03
3258,GCAG,1881-03,0.0348
3259,GISTEMP,1881-03,0.01
3260,GCAG,1881-02,-0.0296
3261,GISTEMP,1881-02,-0.14
3262,GCAG,1881-01,-0.0205
3263,GISTEMP,1881-01,-0.1
3264,GCAG,1880-12,-0.0775
3265,GISTEMP,1880-12,-0.22
3266,GCAG,1880-11,-0.2672
3267,GISTEMP,1880-11,-0.19
3268,GCAG,1880-10,-0.1786
3269,GISTEMP,1880-10,-0.16
3270,GCAG,1880-09,-0.0817
3271,GISTEMP,1880-09,-0.17
3272,GCAG,1880-08,-0.0725
3273,GISTEMP,1880-08,-0.08
3274,GCAG,1880-07,-0.1491
3275,GISTEMP,1880-07,-0.24
3276,GCAG,1880-06,-0.1692
3277,GISTEMP,1880-06,-0.29
3278,GCAG,1880-05,-0.0738
3279,GISTEMP,1880-05,-0.14
3280,GCAG,1880-04,-0.0499
3281,GISTEMP,1880-04,-0.27
3282,GCAG,1880-03,-0.1357
3283,GISTEMP,1880-03,-0.18
3284,GCAG,1880-02,-0.1229
3285,GISTEMP,1880-02,-0.21
3286,GCAG,1880-01,0.0009
3287,GISTEMP,1880-01,-0.3
